row,run,allocator,lib,throughput,steady,post_rss,peak_rss,minor_faults,work_ms,tail_ms,remote_live,rounded_live,log
guard_local0,1,hz8,/mnt/workdisk/public_share/hakozuna_repo/hakozuna-hz8/libhakozuna_hz8_preload.so,350964164.365,437436588.782,14548992,14548992,347,3.658,0.000,0,0,/mnt/workdisk/public_share/hakozuna_repo/bench_results/hz8_same_run_matrix_20260623T174503Z/guard_local0_run1_hz8.log
guard_local0,1,hz3,/mnt/workdisk/public_share/hakozuna_repo/libhakozuna_hz3_scale.so,255231650.639,671544880.604,25264128,29622272,3518,2.383,0.000,0,0,/mnt/workdisk/public_share/hakozuna_repo/bench_results/hz8_same_run_matrix_20260623T174503Z/guard_local0_run1_hz3.log
guard_local0,1,hz4,/mnt/workdisk/public_share/hakozuna_repo/hakozuna-mt/libhakozuna_hz4.so,86043927.684,91113091.049,149651456,149946368,33312,17.561,0.001,0,0,/mnt/workdisk/public_share/hakozuna_repo/bench_results/hz8_same_run_matrix_20260623T174503Z/guard_local0_run1_hz4.log
guard_local0,1,mimalloc,/mnt/workdisk/public_share/hakozuna_repo/private/bench-assets/linux/allocators/x86_64/libmimalloc2.0/usr/lib/x86_64-linux-gnu/libmimalloc.so.2.0,23124712.296,23456366.913,19005440,19005440,1105,68.212,0.000,0,0,/mnt/workdisk/public_share/hakozuna_repo/bench_results/hz8_same_run_matrix_20260623T174503Z/guard_local0_run1_mimalloc.log
guard_local0,1,tcmalloc,/mnt/workdisk/public_share/hakozuna_repo/private/bench-assets/linux/allocators/x86_64/libtcmalloc-minimal4/usr/lib/x86_64-linux-gnu/libtcmalloc_minimal.so.4.5.9,463715830.302,564170915.579,20185088,20185088,199,2.836,0.000,0,0,/mnt/workdisk/public_share/hakozuna_repo/bench_results/hz8_same_run_matrix_20260623T174503Z/guard_local0_run1_tcmalloc.log
guard_local0,1,system,system,244172443.125,283369905.762,1703936,1703936,224,5.646,0.000,0,0,/mnt/workdisk/public_share/hakozuna_repo/bench_results/hz8_same_run_matrix_20260623T174503Z/guard_local0_run1_system.log
guard_local0,2,hz3,/mnt/workdisk/public_share/hakozuna_repo/libhakozuna_hz3_scale.so,274804734.061,720806438.243,25247744,29622272,3522,2.220,0.000,0,0,/mnt/workdisk/public_share/hakozuna_repo/bench_results/hz8_same_run_matrix_20260623T174503Z/guard_local0_run2_hz3.log
guard_local0,2,hz4,/mnt/workdisk/public_share/hakozuna_repo/hakozuna-mt/libhakozuna_hz4.so,86868156.995,91457905.899,149786624,150077440,33314,17.494,0.001,0,0,/mnt/workdisk/public_share/hakozuna_repo/bench_results/hz8_same_run_matrix_20260623T174503Z/guard_local0_run2_hz4.log
guard_local0,2,mimalloc,/mnt/workdisk/public_share/hakozuna_repo/private/bench-assets/linux/allocators/x86_64/libmimalloc2.0/usr/lib/x86_64-linux-gnu/libmimalloc.so.2.0,22712357.419,23024085.237,19136512,19136512,1118,69.492,0.000,0,0,/mnt/workdisk/public_share/hakozuna_repo/bench_results/hz8_same_run_matrix_20260623T174503Z/guard_local0_run2_mimalloc.log
guard_local0,2,tcmalloc,/mnt/workdisk/public_share/hakozuna_repo/private/bench-assets/linux/allocators/x86_64/libtcmalloc-minimal4/usr/lib/x86_64-linux-gnu/libtcmalloc_minimal.so.4.5.9,299943610.601,505037432.743,20185088,20185088,200,3.168,0.000,0,0,/mnt/workdisk/public_share/hakozuna_repo/bench_results/hz8_same_run_matrix_20260623T174503Z/guard_local0_run2_tcmalloc.log
guard_local0,2,system,system,174826798.544,217134961.185,1703936,1703936,223,7.369,0.000,0,0,/mnt/workdisk/public_share/hakozuna_repo/bench_results/hz8_same_run_matrix_20260623T174503Z/guard_local0_run2_system.log
guard_local0,2,hz8,/mnt/workdisk/public_share/hakozuna_repo/hakozuna-hz8/libhakozuna_hz8_preload.so,361345923.228,436442989.634,14417920,14417920,349,3.666,0.000,0,0,/mnt/workdisk/public_share/hakozuna_repo/bench_results/hz8_same_run_matrix_20260623T174503Z/guard_local0_run2_hz8.log
guard_local0,3,hz4,/mnt/workdisk/public_share/hakozuna_repo/hakozuna-mt/libhakozuna_hz4.so,87456253.425,92281782.423,149676032,149815296,33324,17.338,0.000,0,0,/mnt/workdisk/public_share/hakozuna_repo/bench_results/hz8_same_run_matrix_20260623T174503Z/guard_local0_run3_hz4.log
guard_local0,3,mimalloc,/mnt/workdisk/public_share/hakozuna_repo/private/bench-assets/linux/allocators/x86_64/libmimalloc2.0/usr/lib/x86_64-linux-gnu/libmimalloc.so.2.0,23166299.104,23532617.392,19136512,19136512,1091,67.991,0.000,0,0,/mnt/workdisk/public_share/hakozuna_repo/bench_results/hz8_same_run_matrix_20260623T174503Z/guard_local0_run3_mimalloc.log
guard_local0,3,tcmalloc,/mnt/workdisk/public_share/hakozuna_repo/private/bench-assets/linux/allocators/x86_64/libtcmalloc-minimal4/usr/lib/x86_64-linux-gnu/libtcmalloc_minimal.so.4.5.9,451472619.032,566321764.913,20054016,20054016,188,2.825,0.000,0,0,/mnt/workdisk/public_share/hakozuna_repo/bench_results/hz8_same_run_matrix_20260623T174503Z/guard_local0_run3_tcmalloc.log
guard_local0,3,system,system,228101701.995,258844849.853,1703936,1703936,219,6.181,0.000,0,0,/mnt/workdisk/public_share/hakozuna_repo/bench_results/hz8_same_run_matrix_20260623T174503Z/guard_local0_run3_system.log
guard_local0,3,hz8,/mnt/workdisk/public_share/hakozuna_repo/hakozuna-hz8/libhakozuna_hz8_preload.so,360552898.857,449459917.726,14417920,14417920,348,3.560,0.000,0,0,/mnt/workdisk/public_share/hakozuna_repo/bench_results/hz8_same_run_matrix_20260623T174503Z/guard_local0_run3_hz8.log
guard_local0,3,hz3,/mnt/workdisk/public_share/hakozuna_repo/libhakozuna_hz3_scale.so,245614552.171,694726375.504,25239552,29622272,3519,2.303,0.000,0,0,/mnt/workdisk/public_share/hakozuna_repo/bench_results/hz8_same_run_matrix_20260623T174503Z/guard_local0_run3_hz3.log
guard_local0,4,mimalloc,/mnt/workdisk/public_share/hakozuna_repo/private/bench-assets/linux/allocators/x86_64/libmimalloc2.0/usr/lib/x86_64-linux-gnu/libmimalloc.so.2.0,23050385.766,23401247.263,19136512,19136512,1093,68.372,0.000,0,0,/mnt/workdisk/public_share/hakozuna_repo/bench_results/hz8_same_run_matrix_20260623T174503Z/guard_local0_run4_mimalloc.log
guard_local0,4,tcmalloc,/mnt/workdisk/public_share/hakozuna_repo/private/bench-assets/linux/allocators/x86_64/libtcmalloc-minimal4/usr/lib/x86_64-linux-gnu/libtcmalloc_minimal.so.4.5.9,462362400.227,519613290.799,20316160,20316160,197,3.079,0.000,0,0,/mnt/workdisk/public_share/hakozuna_repo/bench_results/hz8_same_run_matrix_20260623T174503Z/guard_local0_run4_tcmalloc.log
guard_local0,4,system,system,246811047.016,282886481.721,1572864,1572864,219,5.656,0.000,0,0,/mnt/workdisk/public_share/hakozuna_repo/bench_results/hz8_same_run_matrix_20260623T174503Z/guard_local0_run4_system.log
guard_local0,4,hz8,/mnt/workdisk/public_share/hakozuna_repo/hakozuna-hz8/libhakozuna_hz8_preload.so,480213118.582,600622695.580,14680064,14680064,348,2.664,0.000,0,0,/mnt/workdisk/public_share/hakozuna_repo/bench_results/hz8_same_run_matrix_20260623T174503Z/guard_local0_run4_hz8.log
guard_local0,4,hz3,/mnt/workdisk/public_share/hakozuna_repo/libhakozuna_hz3_scale.so,319338394.714,1078337876.955,24846336,29229056,3527,1.484,0.000,0,0,/mnt/workdisk/public_share/hakozuna_repo/bench_results/hz8_same_run_matrix_20260623T174503Z/guard_local0_run4_hz3.log
guard_local0,4,hz4,/mnt/workdisk/public_share/hakozuna_repo/hakozuna-mt/libhakozuna_hz4.so,90363413.977,94960849.126,149422080,149553152,33314,16.849,0.000,0,0,/mnt/workdisk/public_share/hakozuna_repo/bench_results/hz8_same_run_matrix_20260623T174503Z/guard_local0_run4_hz4.log
guard_local0,5,tcmalloc,/mnt/workdisk/public_share/hakozuna_repo/private/bench-assets/linux/allocators/x86_64/libtcmalloc-minimal4/usr/lib/x86_64-linux-gnu/libtcmalloc_minimal.so.4.5.9,470314761.093,572639294.508,20316160,20316160,197,2.794,0.001,0,0,/mnt/workdisk/public_share/hakozuna_repo/bench_results/hz8_same_run_matrix_20260623T174503Z/guard_local0_run5_tcmalloc.log
guard_local0,5,system,system,248555813.052,280073946.524,1572864,1572864,217,5.713,0.000,0,0,/mnt/workdisk/public_share/hakozuna_repo/bench_results/hz8_same_run_matrix_20260623T174503Z/guard_local0_run5_system.log
guard_local0,5,hz8,/mnt/workdisk/public_share/hakozuna_repo/hakozuna-hz8/libhakozuna_hz8_preload.so,433921839.829,530944437.328,14417920,14417920,348,3.013,0.000,0,0,/mnt/workdisk/public_share/hakozuna_repo/bench_results/hz8_same_run_matrix_20260623T174503Z/guard_local0_run5_hz8.log
guard_local0,5,hz3,/mnt/workdisk/public_share/hakozuna_repo/libhakozuna_hz3_scale.so,263615536.511,666013418.505,25272320,29622272,3513,2.402,0.000,0,0,/mnt/workdisk/public_share/hakozuna_repo/bench_results/hz8_same_run_matrix_20260623T174503Z/guard_local0_run5_hz3.log
guard_local0,5,hz4,/mnt/workdisk/public_share/hakozuna_repo/hakozuna-mt/libhakozuna_hz4.so,85865253.697,89625621.456,149925888,149946368,33317,17.852,0.001,0,0,/mnt/workdisk/public_share/hakozuna_repo/bench_results/hz8_same_run_matrix_20260623T174503Z/guard_local0_run5_hz4.log
guard_local0,5,mimalloc,/mnt/workdisk/public_share/hakozuna_repo/private/bench-assets/linux/allocators/x86_64/libmimalloc2.0/usr/lib/x86_64-linux-gnu/libmimalloc.so.2.0,22915073.472,23238602.863,19136512,19136512,1111,68.851,0.000,0,0,/mnt/workdisk/public_share/hakozuna_repo/bench_results/hz8_same_run_matrix_20260623T174503Z/guard_local0_run5_mimalloc.log
guard_local0,6,system,system,197773490.763,219980014.816,1835008,1835008,219,7.273,0.000,0,0,/mnt/workdisk/public_share/hakozuna_repo/bench_results/hz8_same_run_matrix_20260623T174503Z/guard_local0_run6_system.log
guard_local0,6,hz8,/mnt/workdisk/public_share/hakozuna_repo/hakozuna-hz8/libhakozuna_hz8_preload.so,350571980.096,451116838.415,14680064,14680064,351,3.547,0.000,0,0,/mnt/workdisk/public_share/hakozuna_repo/bench_results/hz8_same_run_matrix_20260623T174503Z/guard_local0_run6_hz8.log
guard_local0,6,hz3,/mnt/workdisk/public_share/hakozuna_repo/libhakozuna_hz3_scale.so,255509340.304,702705195.407,25333760,29622272,3512,2.277,0.000,0,0,/mnt/workdisk/public_share/hakozuna_repo/bench_results/hz8_same_run_matrix_20260623T174503Z/guard_local0_run6_hz3.log
guard_local0,6,hz4,/mnt/workdisk/public_share/hakozuna_repo/hakozuna-mt/libhakozuna_hz4.so,85498406.817,88154682.818,149676032,149684224,33324,18.150,0.001,0,0,/mnt/workdisk/public_share/hakozuna_repo/bench_results/hz8_same_run_matrix_20260623T174503Z/guard_local0_run6_hz4.log
guard_local0,6,mimalloc,/mnt/workdisk/public_share/hakozuna_repo/private/bench-assets/linux/allocators/x86_64/libmimalloc2.0/usr/lib/x86_64-linux-gnu/libmimalloc.so.2.0,23235140.757,23558449.286,19136512,19136512,1106,67.916,0.000,0,0,/mnt/workdisk/public_share/hakozuna_repo/bench_results/hz8_same_run_matrix_20260623T174503Z/guard_local0_run6_mimalloc.log
guard_local0,6,tcmalloc,/mnt/workdisk/public_share/hakozuna_repo/private/bench-assets/linux/allocators/x86_64/libtcmalloc-minimal4/usr/lib/x86_64-linux-gnu/libtcmalloc_minimal.so.4.5.9,299609926.601,353667521.142,19922944,19922944,195,4.524,0.000,0,0,/mnt/workdisk/public_share/hakozuna_repo/bench_results/hz8_same_run_matrix_20260623T174503Z/guard_local0_run6_tcmalloc.log
guard_local0,7,hz8,/mnt/workdisk/public_share/hakozuna_repo/hakozuna-hz8/libhakozuna_hz8_preload.so,298159961.701,347082349.843,14811136,14811136,335,4.610,0.000,0,0,/mnt/workdisk/public_share/hakozuna_repo/bench_results/hz8_same_run_matrix_20260623T174503Z/guard_local0_run7_hz8.log
guard_local0,7,hz3,/mnt/workdisk/public_share/hakozuna_repo/libhakozuna_hz3_scale.so,270944748.777,855977504.911,25333760,29622272,3515,1.869,0.000,0,0,/mnt/workdisk/public_share/hakozuna_repo/bench_results/hz8_same_run_matrix_20260623T174503Z/guard_local0_run7_hz3.log
guard_local0,7,hz4,/mnt/workdisk/public_share/hakozuna_repo/hakozuna-mt/libhakozuna_hz4.so,86384440.780,89666486.624,149282816,149422080,33320,17.844,0.000,0,0,/mnt/workdisk/public_share/hakozuna_repo/bench_results/hz8_same_run_matrix_20260623T174503Z/guard_local0_run7_hz4.log
guard_local0,7,mimalloc,/mnt/workdisk/public_share/hakozuna_repo/private/bench-assets/linux/allocators/x86_64/libmimalloc2.0/usr/lib/x86_64-linux-gnu/libmimalloc.so.2.0,22183330.223,22629816.330,19005440,19005440,1105,70.703,0.003,0,0,/mnt/workdisk/public_share/hakozuna_repo/bench_results/hz8_same_run_matrix_20260623T174503Z/guard_local0_run7_mimalloc.log
guard_local0,7,tcmalloc,/mnt/workdisk/public_share/hakozuna_repo/private/bench-assets/linux/allocators/x86_64/libtcmalloc-minimal4/usr/lib/x86_64-linux-gnu/libtcmalloc_minimal.so.4.5.9,452544871.945,557041386.086,20054016,20054016,200,2.872,0.000,0,0,/mnt/workdisk/public_share/hakozuna_repo/bench_results/hz8_same_run_matrix_20260623T174503Z/guard_local0_run7_tcmalloc.log
guard_local0,7,system,system,243520119.861,271272880.172,1703936,1703936,205,5.898,0.000,0,0,/mnt/workdisk/public_share/hakozuna_repo/bench_results/hz8_same_run_matrix_20260623T174503Z/guard_local0_run7_system.log
guard_local0,8,hz3,/mnt/workdisk/public_share/hakozuna_repo/libhakozuna_hz3_scale.so,221594156.673,650453304.974,25251840,29622272,3510,2.460,0.001,0,0,/mnt/workdisk/public_share/hakozuna_repo/bench_results/hz8_same_run_matrix_20260623T174503Z/guard_local0_run8_hz3.log
guard_local0,8,hz4,/mnt/workdisk/public_share/hakozuna_repo/hakozuna-mt/libhakozuna_hz4.so,82313765.876,87669085.585,149536768,149684224,33313,18.250,0.000,0,0,/mnt/workdisk/public_share/hakozuna_repo/bench_results/hz8_same_run_matrix_20260623T174503Z/guard_local0_run8_hz4.log
guard_local0,8,mimalloc,/mnt/workdisk/public_share/hakozuna_repo/private/bench-assets/linux/allocators/x86_64/libmimalloc2.0/usr/lib/x86_64-linux-gnu/libmimalloc.so.2.0,22907920.882,23216291.928,19136512,19136512,1097,68.917,0.000,0,0,/mnt/workdisk/public_share/hakozuna_repo/bench_results/hz8_same_run_matrix_20260623T174503Z/guard_local0_run8_mimalloc.log
guard_local0,8,tcmalloc,/mnt/workdisk/public_share/hakozuna_repo/private/bench-assets/linux/allocators/x86_64/libtcmalloc-minimal4/usr/lib/x86_64-linux-gnu/libtcmalloc_minimal.so.4.5.9,466899182.460,564025534.846,20316160,20316160,187,2.837,0.000,0,0,/mnt/workdisk/public_share/hakozuna_repo/bench_results/hz8_same_run_matrix_20260623T174503Z/guard_local0_run8_tcmalloc.log
guard_local0,8,system,system,212172973.486,305124916.234,1572864,1572864,220,5.244,0.000,0,0,/mnt/workdisk/public_share/hakozuna_repo/bench_results/hz8_same_run_matrix_20260623T174503Z/guard_local0_run8_system.log
guard_local0,8,hz8,/mnt/workdisk/public_share/hakozuna_repo/hakozuna-hz8/libhakozuna_hz8_preload.so,417172705.850,510406225.935,14680064,14680064,348,3.135,0.000,0,0,/mnt/workdisk/public_share/hakozuna_repo/bench_results/hz8_same_run_matrix_20260623T174503Z/guard_local0_run8_hz8.log
guard_local0,9,hz4,/mnt/workdisk/public_share/hakozuna_repo/hakozuna-mt/libhakozuna_hz4.so,91247151.235,96539458.633,149385216,149553152,33320,16.574,0.000,0,0,/mnt/workdisk/public_share/hakozuna_repo/bench_results/hz8_same_run_matrix_20260623T174503Z/guard_local0_run9_hz4.log
guard_local0,9,mimalloc,/mnt/workdisk/public_share/hakozuna_repo/private/bench-assets/linux/allocators/x86_64/libmimalloc2.0/usr/lib/x86_64-linux-gnu/libmimalloc.so.2.0,22755981.143,23113931.370,19136512,19136512,1112,69.222,0.000,0,0,/mnt/workdisk/public_share/hakozuna_repo/bench_results/hz8_same_run_matrix_20260623T174503Z/guard_local0_run9_mimalloc.log
guard_local0,9,tcmalloc,/mnt/workdisk/public_share/hakozuna_repo/private/bench-assets/linux/allocators/x86_64/libtcmalloc-minimal4/usr/lib/x86_64-linux-gnu/libtcmalloc_minimal.so.4.5.9,468769959.346,575255044.717,20316160,20316160,204,2.781,0.000,0,0,/mnt/workdisk/public_share/hakozuna_repo/bench_results/hz8_same_run_matrix_20260623T174503Z/guard_local0_run9_tcmalloc.log
guard_local0,9,system,system,269649120.767,301332511.198,1572864,1572864,221,5.310,0.000,0,0,/mnt/workdisk/public_share/hakozuna_repo/bench_results/hz8_same_run_matrix_20260623T174503Z/guard_local0_run9_system.log
guard_local0,9,hz8,/mnt/workdisk/public_share/hakozuna_repo/hakozuna-hz8/libhakozuna_hz8_preload.so,394129539.048,599349256.545,14548992,14548992,348,2.670,0.000,0,0,/mnt/workdisk/public_share/hakozuna_repo/bench_results/hz8_same_run_matrix_20260623T174503Z/guard_local0_run9_hz8.log
guard_local0,9,hz3,/mnt/workdisk/public_share/hakozuna_repo/libhakozuna_hz3_scale.so,298937464.151,714434342.144,25124864,29491200,3516,2.240,0.000,0,0,/mnt/workdisk/public_share/hakozuna_repo/bench_results/hz8_same_run_matrix_20260623T174503Z/guard_local0_run9_hz3.log
guard_local0,10,mimalloc,/mnt/workdisk/public_share/hakozuna_repo/private/bench-assets/linux/allocators/x86_64/libmimalloc2.0/usr/lib/x86_64-linux-gnu/libmimalloc.so.2.0,24462697.864,24750688.634,19136512,19136512,1114,64.645,0.000,0,0,/mnt/workdisk/public_share/hakozuna_repo/bench_results/hz8_same_run_matrix_20260623T174503Z/guard_local0_run10_mimalloc.log
guard_local0,10,tcmalloc,/mnt/workdisk/public_share/hakozuna_repo/private/bench-assets/linux/allocators/x86_64/libtcmalloc-minimal4/usr/lib/x86_64-linux-gnu/libtcmalloc_minimal.so.4.5.9,480687334.820,578709145.847,20054016,20054016,201,2.765,0.000,0,0,/mnt/workdisk/public_share/hakozuna_repo/bench_results/hz8_same_run_matrix_20260623T174503Z/guard_local0_run10_tcmalloc.log
guard_local0,10,system,system,237441954.717,262740707.436,1572864,1572864,221,6.090,0.000,0,0,/mnt/workdisk/public_share/hakozuna_repo/bench_results/hz8_same_run_matrix_20260623T174503Z/guard_local0_run10_system.log
guard_local0,10,hz8,/mnt/workdisk/public_share/hakozuna_repo/hakozuna-hz8/libhakozuna_hz8_preload.so,382791786.628,482112278.526,14417920,14417920,351,3.319,0.000,0,0,/mnt/workdisk/public_share/hakozuna_repo/bench_results/hz8_same_run_matrix_20260623T174503Z/guard_local0_run10_hz8.log
guard_local0,10,hz3,/mnt/workdisk/public_share/hakozuna_repo/libhakozuna_hz3_scale.so,251604885.349,678256084.911,25382912,29753344,3516,2.359,0.000,0,0,/mnt/workdisk/public_share/hakozuna_repo/bench_results/hz8_same_run_matrix_20260623T174503Z/guard_local0_run10_hz3.log
guard_local0,10,hz4,/mnt/workdisk/public_share/hakozuna_repo/hakozuna-mt/libhakozuna_hz4.so,88210481.677,91980781.995,149528576,149684224,33317,17.395,0.000,0,0,/mnt/workdisk/public_share/hakozuna_repo/bench_results/hz8_same_run_matrix_20260623T174503Z/guard_local0_run10_hz4.log
small_interleaved_remote90,1,hz8,/mnt/workdisk/public_share/hakozuna_repo/hakozuna-hz8/libhakozuna_hz8_preload.so,55460183.297,57997821.674,3203072,25427968,5984,27.587,12.813,,,/mnt/workdisk/public_share/hakozuna_repo/bench_results/hz8_same_run_matrix_20260623T174503Z/small_interleaved_remote90_run1_hz8.log
small_interleaved_remote90,1,hz3,/mnt/workdisk/public_share/hakozuna_repo/libhakozuna_hz3_scale.so,20050074.811,22777799.322,156241920,160563200,61546,70.244,13.906,,,/mnt/workdisk/public_share/hakozuna_repo/bench_results/hz8_same_run_matrix_20260623T174503Z/small_interleaved_remote90_run1_hz3.log
small_interleaved_remote90,1,hz4,/mnt/workdisk/public_share/hakozuna_repo/hakozuna-mt/libhakozuna_hz4.so,36133543.706,36804039.354,147820544,148111360,35866,43.473,3.618,,,/mnt/workdisk/public_share/hakozuna_repo/bench_results/hz8_same_run_matrix_20260623T174503Z/small_interleaved_remote90_run1_hz4.log
small_interleaved_remote90,1,mimalloc,/mnt/workdisk/public_share/hakozuna_repo/private/bench-assets/linux/allocators/x86_64/libmimalloc2.0/usr/lib/x86_64-linux-gnu/libmimalloc.so.2.0,11267473.439,11366305.589,11927552,11927552,2537,140.767,7.548,,,/mnt/workdisk/public_share/hakozuna_repo/bench_results/hz8_same_run_matrix_20260623T174503Z/small_interleaved_remote90_run1_mimalloc.log
small_interleaved_remote90,1,tcmalloc,/mnt/workdisk/public_share/hakozuna_repo/private/bench-assets/linux/allocators/x86_64/libtcmalloc-minimal4/usr/lib/x86_64-linux-gnu/libtcmalloc_minimal.so.4.5.9,63268469.707,64371777.916,34340864,34340864,6746,24.856,2.843,,,/mnt/workdisk/public_share/hakozuna_repo/bench_results/hz8_same_run_matrix_20260623T174503Z/small_interleaved_remote90_run1_tcmalloc.log
small_interleaved_remote90,1,system,system,6065688.004,6181787.023,4235264,138395648,38591,258.825,133.012,,,/mnt/workdisk/public_share/hakozuna_repo/bench_results/hz8_same_run_matrix_20260623T174503Z/small_interleaved_remote90_run1_system.log
small_interleaved_remote90,2,hz3,/mnt/workdisk/public_share/hakozuna_repo/libhakozuna_hz3_scale.so,22115783.869,26917053.132,153661440,157941760,59426,59.442,9.361,,,/mnt/workdisk/public_share/hakozuna_repo/bench_results/hz8_same_run_matrix_20260623T174503Z/small_interleaved_remote90_run2_hz3.log
small_interleaved_remote90,2,hz4,/mnt/workdisk/public_share/hakozuna_repo/hakozuna-mt/libhakozuna_hz4.so,37096730.141,37737743.954,146276352,146407424,35521,42.398,4.857,,,/mnt/workdisk/public_share/hakozuna_repo/bench_results/hz8_same_run_matrix_20260623T174503Z/small_interleaved_remote90_run2_hz4.log
small_interleaved_remote90,2,mimalloc,/mnt/workdisk/public_share/hakozuna_repo/private/bench-assets/linux/allocators/x86_64/libmimalloc2.0/usr/lib/x86_64-linux-gnu/libmimalloc.so.2.0,11400986.741,11455257.761,9568256,9568256,1920,139.674,4.731,,,/mnt/workdisk/public_share/hakozuna_repo/bench_results/hz8_same_run_matrix_20260623T174503Z/small_interleaved_remote90_run2_mimalloc.log
small_interleaved_remote90,2,tcmalloc,/mnt/workdisk/public_share/hakozuna_repo/private/bench-assets/linux/allocators/x86_64/libtcmalloc-minimal4/usr/lib/x86_64-linux-gnu/libtcmalloc_minimal.so.4.5.9,59934148.852,61612773.653,39452672,39452672,8010,25.969,4.031,,,/mnt/workdisk/public_share/hakozuna_repo/bench_results/hz8_same_run_matrix_20260623T174503Z/small_interleaved_remote90_run2_tcmalloc.log
small_interleaved_remote90,2,system,system,6214468.461,6388889.976,4243456,139829248,37926,250.435,129.280,,,/mnt/workdisk/public_share/hakozuna_repo/bench_results/hz8_same_run_matrix_20260623T174503Z/small_interleaved_remote90_run2_system.log
small_interleaved_remote90,2,hz8,/mnt/workdisk/public_share/hakozuna_repo/hakozuna-hz8/libhakozuna_hz8_preload.so,54286654.026,56993353.400,3145728,27000832,6350,28.073,12.865,,,/mnt/workdisk/public_share/hakozuna_repo/bench_results/hz8_same_run_matrix_20260623T174503Z/small_interleaved_remote90_run2_hz8.log
small_interleaved_remote90,3,hz4,/mnt/workdisk/public_share/hakozuna_repo/hakozuna-mt/libhakozuna_hz4.so,36852288.496,37669130.275,146534400,146800640,35553,42.475,6.139,,,/mnt/workdisk/public_share/hakozuna_repo/bench_results/hz8_same_run_matrix_20260623T174503Z/small_interleaved_remote90_run3_hz4.log
small_interleaved_remote90,3,mimalloc,/mnt/workdisk/public_share/hakozuna_repo/private/bench-assets/linux/allocators/x86_64/libmimalloc2.0/usr/lib/x86_64-linux-gnu/libmimalloc.so.2.0,11427843.148,11483398.752,9830400,9830400,2061,139.332,35.507,,,/mnt/workdisk/public_share/hakozuna_repo/bench_results/hz8_same_run_matrix_20260623T174503Z/small_interleaved_remote90_run3_mimalloc.log
small_interleaved_remote90,3,tcmalloc,/mnt/workdisk/public_share/hakozuna_repo/private/bench-assets/linux/allocators/x86_64/libtcmalloc-minimal4/usr/lib/x86_64-linux-gnu/libtcmalloc_minimal.so.4.5.9,61249261.372,62904762.661,34209792,34209792,6710,25.435,2.349,,,/mnt/workdisk/public_share/hakozuna_repo/bench_results/hz8_same_run_matrix_20260623T174503Z/small_interleaved_remote90_run3_tcmalloc.log
small_interleaved_remote90,3,system,system,6283887.878,6482684.016,4169728,139857920,39939,246.811,129.287,,,/mnt/workdisk/public_share/hakozuna_repo/bench_results/hz8_same_run_matrix_20260623T174503Z/small_interleaved_remote90_run3_system.log
small_interleaved_remote90,3,hz8,/mnt/workdisk/public_share/hakozuna_repo/hakozuna-hz8/libhakozuna_hz8_preload.so,55888821.764,58370113.801,3190784,23724032,5558,27.411,13.650,,,/mnt/workdisk/public_share/hakozuna_repo/bench_results/hz8_same_run_matrix_20260623T174503Z/small_interleaved_remote90_run3_hz8.log
small_interleaved_remote90,3,hz3,/mnt/workdisk/public_share/hakozuna_repo/libhakozuna_hz3_scale.so,24841643.836,29847271.512,135135232,139460608,52728,53.606,9.463,,,/mnt/workdisk/public_share/hakozuna_repo/bench_results/hz8_same_run_matrix_20260623T174503Z/small_interleaved_remote90_run3_hz3.log
small_interleaved_remote90,4,mimalloc,/mnt/workdisk/public_share/hakozuna_repo/private/bench-assets/linux/allocators/x86_64/libmimalloc2.0/usr/lib/x86_64-linux-gnu/libmimalloc.so.2.0,11449463.510,11530677.721,9568256,9568256,1967,138.760,3.752,,,/mnt/workdisk/public_share/hakozuna_repo/bench_results/hz8_same_run_matrix_20260623T174503Z/small_interleaved_remote90_run4_mimalloc.log
small_interleaved_remote90,4,tcmalloc,/mnt/workdisk/public_share/hakozuna_repo/private/bench-assets/linux/allocators/x86_64/libtcmalloc-minimal4/usr/lib/x86_64-linux-gnu/libtcmalloc_minimal.so.4.5.9,63559464.268,64800049.928,34209792,34209792,6732,24.691,2.545,,,/mnt/workdisk/public_share/hakozuna_repo/bench_results/hz8_same_run_matrix_20260623T174503Z/small_interleaved_remote90_run4_tcmalloc.log
small_interleaved_remote90,4,system,system,6178930.186,6309522.010,4562944,137801728,40124,253.585,128.189,,,/mnt/workdisk/public_share/hakozuna_repo/bench_results/hz8_same_run_matrix_20260623T174503Z/small_interleaved_remote90_run4_system.log
small_interleaved_remote90,4,hz8,/mnt/workdisk/public_share/hakozuna_repo/hakozuna-hz8/libhakozuna_hz8_preload.so,54852970.897,57329370.058,3186688,24248320,5641,27.909,13.048,,,/mnt/workdisk/public_share/hakozuna_repo/bench_results/hz8_same_run_matrix_20260623T174503Z/small_interleaved_remote90_run4_hz8.log
small_interleaved_remote90,4,hz3,/mnt/workdisk/public_share/hakozuna_repo/libhakozuna_hz3_scale.so,22676052.871,27207653.676,137785344,142082048,53557,58.807,11.176,,,/mnt/workdisk/public_share/hakozuna_repo/bench_results/hz8_same_run_matrix_20260623T174503Z/small_interleaved_remote90_run4_hz3.log
small_interleaved_remote90,4,hz4,/mnt/workdisk/public_share/hakozuna_repo/hakozuna-mt/libhakozuna_hz4.so,36266980.739,36902967.361,147046400,147193856,35791,43.357,3.876,,,/mnt/workdisk/public_share/hakozuna_repo/bench_results/hz8_same_run_matrix_20260623T174503Z/small_interleaved_remote90_run4_hz4.log
small_interleaved_remote90,5,tcmalloc,/mnt/workdisk/public_share/hakozuna_repo/private/bench-assets/linux/allocators/x86_64/libtcmalloc-minimal4/usr/lib/x86_64-linux-gnu/libtcmalloc_minimal.so.4.5.9,60613713.087,62302838.288,34996224,34996224,6943,25.681,3.910,,,/mnt/workdisk/public_share/hakozuna_repo/bench_results/hz8_same_run_matrix_20260623T174503Z/small_interleaved_remote90_run5_tcmalloc.log
small_interleaved_remote90,5,system,system,6010145.494,6154947.345,4464640,142245888,37931,259.953,126.200,,,/mnt/workdisk/public_share/hakozuna_repo/bench_results/hz8_same_run_matrix_20260623T174503Z/small_interleaved_remote90_run5_system.log
small_interleaved_remote90,5,hz8,/mnt/workdisk/public_share/hakozuna_repo/hakozuna-hz8/libhakozuna_hz8_preload.so,56151029.424,59030126.172,3276800,22806528,5306,27.105,12.550,,,/mnt/workdisk/public_share/hakozuna_repo/bench_results/hz8_same_run_matrix_20260623T174503Z/small_interleaved_remote90_run5_hz8.log
small_interleaved_remote90,5,hz3,/mnt/workdisk/public_share/hakozuna_repo/libhakozuna_hz3_scale.so,25179946.917,30124206.623,119857152,124125184,47972,53.113,10.161,,,/mnt/workdisk/public_share/hakozuna_repo/bench_results/hz8_same_run_matrix_20260623T174503Z/small_interleaved_remote90_run5_hz3.log
small_interleaved_remote90,5,hz4,/mnt/workdisk/public_share/hakozuna_repo/hakozuna-mt/libhakozuna_hz4.so,36575611.985,37214263.939,145346560,145489920,35392,42.994,6.850,,,/mnt/workdisk/public_share/hakozuna_repo/bench_results/hz8_same_run_matrix_20260623T174503Z/small_interleaved_remote90_run5_hz4.log
small_interleaved_remote90,5,mimalloc,/mnt/workdisk/public_share/hakozuna_repo/private/bench-assets/linux/allocators/x86_64/libmimalloc2.0/usr/lib/x86_64-linux-gnu/libmimalloc.so.2.0,11360633.300,11418184.388,9568256,9568256,2031,140.127,2.570,,,/mnt/workdisk/public_share/hakozuna_repo/bench_results/hz8_same_run_matrix_20260623T174503Z/small_interleaved_remote90_run5_mimalloc.log
small_interleaved_remote90,6,system,system,5989815.808,6135782.669,4665344,142774272,36695,260.765,132.037,,,/mnt/workdisk/public_share/hakozuna_repo/bench_results/hz8_same_run_matrix_20260623T174503Z/small_interleaved_remote90_run6_system.log
small_interleaved_remote90,6,hz8,/mnt/workdisk/public_share/hakozuna_repo/hakozuna-hz8/libhakozuna_hz8_preload.so,54943711.541,57184150.226,3186688,21757952,5098,27.980,14.068,,,/mnt/workdisk/public_share/hakozuna_repo/bench_results/hz8_same_run_matrix_20260623T174503Z/small_interleaved_remote90_run6_hz8.log
small_interleaved_remote90,6,hz3,/mnt/workdisk/public_share/hakozuna_repo/libhakozuna_hz3_scale.so,23388929.599,27399917.221,126742528,131072000,50839,58.394,13.204,,,/mnt/workdisk/public_share/hakozuna_repo/bench_results/hz8_same_run_matrix_20260623T174503Z/small_interleaved_remote90_run6_hz3.log
small_interleaved_remote90,6,hz4,/mnt/workdisk/public_share/hakozuna_repo/hakozuna-mt/libhakozuna_hz4.so,36128729.010,36472014.613,147701760,147980288,35816,43.869,5.243,,,/mnt/workdisk/public_share/hakozuna_repo/bench_results/hz8_same_run_matrix_20260623T174503Z/small_interleaved_remote90_run6_hz4.log
small_interleaved_remote90,6,mimalloc,/mnt/workdisk/public_share/hakozuna_repo/private/bench-assets/linux/allocators/x86_64/libmimalloc2.0/usr/lib/x86_64-linux-gnu/libmimalloc.so.2.0,11065538.000,11133224.013,18219008,18219008,4090,143.714,4.799,,,/mnt/workdisk/public_share/hakozuna_repo/bench_results/hz8_same_run_matrix_20260623T174503Z/small_interleaved_remote90_run6_mimalloc.log
small_interleaved_remote90,6,tcmalloc,/mnt/workdisk/public_share/hakozuna_repo/private/bench-assets/linux/allocators/x86_64/libtcmalloc-minimal4/usr/lib/x86_64-linux-gnu/libtcmalloc_minimal.so.4.5.9,62178319.493,63943553.189,34734080,34734080,6850,25.022,2.711,,,/mnt/workdisk/public_share/hakozuna_repo/bench_results/hz8_same_run_matrix_20260623T174503Z/small_interleaved_remote90_run6_tcmalloc.log
small_interleaved_remote90,7,hz8,/mnt/workdisk/public_share/hakozuna_repo/hakozuna-hz8/libhakozuna_hz8_preload.so,53048686.460,54904608.048,3198976,24903680,5876,29.141,12.184,,,/mnt/workdisk/public_share/hakozuna_repo/bench_results/hz8_same_run_matrix_20260623T174503Z/small_interleaved_remote90_run7_hz8.log
small_interleaved_remote90,7,hz3,/mnt/workdisk/public_share/hakozuna_repo/libhakozuna_hz3_scale.so,23978245.377,28996704.597,140652544,144965632,54534,55.179,16.517,,,/mnt/workdisk/public_share/hakozuna_repo/bench_results/hz8_same_run_matrix_20260623T174503Z/small_interleaved_remote90_run7_hz3.log
small_interleaved_remote90,7,hz4,/mnt/workdisk/public_share/hakozuna_repo/hakozuna-mt/libhakozuna_hz4.so,35775120.188,36395599.972,147312640,147456000,35708,43.961,5.769,,,/mnt/workdisk/public_share/hakozuna_repo/bench_results/hz8_same_run_matrix_20260623T174503Z/small_interleaved_remote90_run7_hz4.log
small_interleaved_remote90,7,mimalloc,/mnt/workdisk/public_share/hakozuna_repo/private/bench-assets/linux/allocators/x86_64/libmimalloc2.0/usr/lib/x86_64-linux-gnu/libmimalloc.so.2.0,11427467.862,11487304.210,9306112,9306112,1931,139.284,3.803,,,/mnt/workdisk/public_share/hakozuna_repo/bench_results/hz8_same_run_matrix_20260623T174503Z/small_interleaved_remote90_run7_mimalloc.log
small_interleaved_remote90,7,tcmalloc,/mnt/workdisk/public_share/hakozuna_repo/private/bench-assets/linux/allocators/x86_64/libtcmalloc-minimal4/usr/lib/x86_64-linux-gnu/libtcmalloc_minimal.so.4.5.9,56941187.725,58595186.984,46923776,46923776,9834,27.306,5.622,,,/mnt/workdisk/public_share/hakozuna_repo/bench_results/hz8_same_run_matrix_20260623T174503Z/small_interleaved_remote90_run7_tcmalloc.log
small_interleaved_remote90,7,system,system,6570765.738,6843714.619,4476928,140435456,41967,233.791,41.345,,,/mnt/workdisk/public_share/hakozuna_repo/bench_results/hz8_same_run_matrix_20260623T174503Z/small_interleaved_remote90_run7_system.log
small_interleaved_remote90,8,hz3,/mnt/workdisk/public_share/hakozuna_repo/libhakozuna_hz3_scale.so,20705463.079,25089974.216,161697792,166068224,62535,63.770,10.788,,,/mnt/workdisk/public_share/hakozuna_repo/bench_results/hz8_same_run_matrix_20260623T174503Z/small_interleaved_remote90_run8_hz3.log
small_interleaved_remote90,8,hz4,/mnt/workdisk/public_share/hakozuna_repo/hakozuna-mt/libhakozuna_hz4.so,35272510.900,35854751.505,147697664,147980288,35787,44.624,5.107,,,/mnt/workdisk/public_share/hakozuna_repo/bench_results/hz8_same_run_matrix_20260623T174503Z/small_interleaved_remote90_run8_hz4.log
small_interleaved_remote90,8,mimalloc,/mnt/workdisk/public_share/hakozuna_repo/private/bench-assets/linux/allocators/x86_64/libmimalloc2.0/usr/lib/x86_64-linux-gnu/libmimalloc.so.2.0,11243963.222,11297034.568,13369344,13369344,2947,141.630,6.497,,,/mnt/workdisk/public_share/hakozuna_repo/bench_results/hz8_same_run_matrix_20260623T174503Z/small_interleaved_remote90_run8_mimalloc.log
small_interleaved_remote90,8,tcmalloc,/mnt/workdisk/public_share/hakozuna_repo/private/bench-assets/linux/allocators/x86_64/libtcmalloc-minimal4/usr/lib/x86_64-linux-gnu/libtcmalloc_minimal.so.4.5.9,57586710.830,59379445.456,45481984,45481984,9458,26.945,5.562,,,/mnt/workdisk/public_share/hakozuna_repo/bench_results/hz8_same_run_matrix_20260623T174503Z/small_interleaved_remote90_run8_tcmalloc.log
small_interleaved_remote90,8,system,system,5946273.391,6050009.675,4382720,142020608,37976,264.462,138.453,,,/mnt/workdisk/public_share/hakozuna_repo/bench_results/hz8_same_run_matrix_20260623T174503Z/small_interleaved_remote90_run8_system.log
small_interleaved_remote90,8,hz8,/mnt/workdisk/public_share/hakozuna_repo/hakozuna-hz8/libhakozuna_hz8_preload.so,55382287.837,57218000.726,3190784,22937600,5385,27.963,13.663,,,/mnt/workdisk/public_share/hakozuna_repo/bench_results/hz8_same_run_matrix_20260623T174503Z/small_interleaved_remote90_run8_hz8.log
small_interleaved_remote90,9,hz4,/mnt/workdisk/public_share/hakozuna_repo/hakozuna-mt/libhakozuna_hz4.so,36083634.739,36669171.400,146915328,147193856,35771,43.633,4.507,,,/mnt/workdisk/public_share/hakozuna_repo/bench_results/hz8_same_run_matrix_20260623T174503Z/small_interleaved_remote90_run9_hz4.log
small_interleaved_remote90,9,mimalloc,/mnt/workdisk/public_share/hakozuna_repo/private/bench-assets/linux/allocators/x86_64/libmimalloc2.0/usr/lib/x86_64-linux-gnu/libmimalloc.so.2.0,11299414.999,11363387.467,13500416,13500416,2906,140.803,10.869,,,/mnt/workdisk/public_share/hakozuna_repo/bench_results/hz8_same_run_matrix_20260623T174503Z/small_interleaved_remote90_run9_mimalloc.log
small_interleaved_remote90,9,tcmalloc,/mnt/workdisk/public_share/hakozuna_repo/private/bench-assets/linux/allocators/x86_64/libtcmalloc-minimal4/usr/lib/x86_64-linux-gnu/libtcmalloc_minimal.so.4.5.9,58569289.171,60258564.983,35913728,35913728,7117,26.552,3.516,,,/mnt/workdisk/public_share/hakozuna_repo/bench_results/hz8_same_run_matrix_20260623T174503Z/small_interleaved_remote90_run9_tcmalloc.log
small_interleaved_remote90,9,system,system,5996990.957,6095118.027,4538368,143220736,37863,262.505,131.229,,,/mnt/workdisk/public_share/hakozuna_repo/bench_results/hz8_same_run_matrix_20260623T174503Z/small_interleaved_remote90_run9_system.log
small_interleaved_remote90,9,hz8,/mnt/workdisk/public_share/hakozuna_repo/hakozuna-hz8/libhakozuna_hz8_preload.so,54478515.308,56749908.615,3248128,22806528,5292,28.194,9.354,,,/mnt/workdisk/public_share/hakozuna_repo/bench_results/hz8_same_run_matrix_20260623T174503Z/small_interleaved_remote90_run9_hz8.log
small_interleaved_remote90,9,hz3,/mnt/workdisk/public_share/hakozuna_repo/libhakozuna_hz3_scale.so,21784423.388,25365297.942,158109696,162398208,60830,63.078,12.052,,,/mnt/workdisk/public_share/hakozuna_repo/bench_results/hz8_same_run_matrix_20260623T174503Z/small_interleaved_remote90_run9_hz3.log
small_interleaved_remote90,10,mimalloc,/mnt/workdisk/public_share/hakozuna_repo/private/bench-assets/linux/allocators/x86_64/libmimalloc2.0/usr/lib/x86_64-linux-gnu/libmimalloc.so.2.0,10560016.275,10644887.440,24903680,24903680,5758,150.307,35.662,,,/mnt/workdisk/public_share/hakozuna_repo/bench_results/hz8_same_run_matrix_20260623T174503Z/small_interleaved_remote90_run10_mimalloc.log
small_interleaved_remote90,10,tcmalloc,/mnt/workdisk/public_share/hakozuna_repo/private/bench-assets/linux/allocators/x86_64/libtcmalloc-minimal4/usr/lib/x86_64-linux-gnu/libtcmalloc_minimal.so.4.5.9,59898697.825,61427396.081,41287680,41287680,8459,26.047,5.666,,,/mnt/workdisk/public_share/hakozuna_repo/bench_results/hz8_same_run_matrix_20260623T174503Z/small_interleaved_remote90_run10_tcmalloc.log
small_interleaved_remote90,10,system,system,6092469.723,6226743.187,4489216,142823424,37536,256.956,129.698,,,/mnt/workdisk/public_share/hakozuna_repo/bench_results/hz8_same_run_matrix_20260623T174503Z/small_interleaved_remote90_run10_system.log
small_interleaved_remote90,10,hz8,/mnt/workdisk/public_share/hakozuna_repo/hakozuna-hz8/libhakozuna_hz8_preload.so,53992293.073,56509175.359,3080192,24379392,5804,28.314,11.064,,,/mnt/workdisk/public_share/hakozuna_repo/bench_results/hz8_same_run_matrix_20260623T174503Z/small_interleaved_remote90_run10_hz8.log
small_interleaved_remote90,10,hz3,/mnt/workdisk/public_share/hakozuna_repo/libhakozuna_hz3_scale.so,22948727.623,27484857.433,147197952,151519232,56980,58.214,21.215,,,/mnt/workdisk/public_share/hakozuna_repo/bench_results/hz8_same_run_matrix_20260623T174503Z/small_interleaved_remote90_run10_hz3.log
small_interleaved_remote90,10,hz4,/mnt/workdisk/public_share/hakozuna_repo/hakozuna-mt/libhakozuna_hz4.so,35745307.535,36394190.113,147951616,148242432,35853,43.963,3.452,,,/mnt/workdisk/public_share/hakozuna_repo/bench_results/hz8_same_run_matrix_20260623T174503Z/small_interleaved_remote90_run10_hz4.log
small_phase_remote90,1,hz8,/mnt/workdisk/public_share/hakozuna_repo/hakozuna-hz8/libhakozuna_hz8_preload.so,3479761.691,4898743.762,18395136,3985768448,969831,326.614,11.003,1440700,3947889632,/mnt/workdisk/public_share/hakozuna_repo/bench_results/hz8_same_run_matrix_20260623T174503Z/small_phase_remote90_run1_hz8.log
small_phase_remote90,1,hz3,/mnt/workdisk/public_share/hakozuna_repo/libhakozuna_hz3_scale.so,3806507.542,3970638.045,3888979968,3893362688,947008,402.958,14.792,1440700,3947889632,/mnt/workdisk/public_share/hakozuna_repo/bench_results/hz8_same_run_matrix_20260623T174503Z/small_phase_remote90_run1_hz3.log
small_phase_remote90,1,hz4,/mnt/workdisk/public_share/hakozuna_repo/hakozuna-mt/libhakozuna_hz4.so,3705985.845,3909290.323,3205087232,3205365760,779277,409.281,21.433,1440700,3947889632,/mnt/workdisk/public_share/hakozuna_repo/bench_results/hz8_same_run_matrix_20260623T174503Z/small_phase_remote90_run1_hz4.log
small_phase_remote90,1,mimalloc,/mnt/workdisk/public_share/hakozuna_repo/private/bench-assets/linux/allocators/x86_64/libmimalloc2.0/usr/lib/x86_64-linux-gnu/libmimalloc.so.2.0,2766344.022,5571119.135,3279945728,3279945728,798112,287.195,270.145,1440700,3947889632,/mnt/workdisk/public_share/hakozuna_repo/bench_results/hz8_same_run_matrix_20260623T174503Z/small_phase_remote90_run1_mimalloc.log
small_phase_remote90,1,tcmalloc,/mnt/workdisk/public_share/hakozuna_repo/private/bench-assets/linux/allocators/x86_64/libtcmalloc-minimal4/usr/lib/x86_64-linux-gnu/libtcmalloc_minimal.so.4.5.9,3031244.427,3499044.831,3300655104,3301834752,801537,457.268,67.855,1440700,3947889632,/mnt/workdisk/public_share/hakozuna_repo/bench_results/hz8_same_run_matrix_20260623T174503Z/small_phase_remote90_run1_tcmalloc.log
small_phase_remote90,1,system,system,975964.426,1084548.044,15376384,2996961280,731538,1475.269,19.658,1440700,3947889632,/mnt/workdisk/public_share/hakozuna_repo/bench_results/hz8_same_run_matrix_20260623T174503Z/small_phase_remote90_run1_system.log
small_phase_remote90,2,hz3,/mnt/workdisk/public_share/hakozuna_repo/libhakozuna_hz3_scale.so,3825873.708,4003130.338,3889135616,3893493760,946990,399.687,14.735,1440700,3947889632,/mnt/workdisk/public_share/hakozuna_repo/bench_results/hz8_same_run_matrix_20260623T174503Z/small_phase_remote90_run2_hz3.log
small_phase_remote90,2,hz4,/mnt/workdisk/public_share/hakozuna_repo/hakozuna-mt/libhakozuna_hz4.so,3709551.365,3910118.478,3205341184,3205627904,779308,409.195,20.904,1440700,3947889632,/mnt/workdisk/public_share/hakozuna_repo/bench_results/hz8_same_run_matrix_20260623T174503Z/small_phase_remote90_run2_hz4.log
small_phase_remote90,2,mimalloc,/mnt/workdisk/public_share/hakozuna_repo/private/bench-assets/linux/allocators/x86_64/libmimalloc2.0/usr/lib/x86_64-linux-gnu/libmimalloc.so.2.0,2799362.050,5556734.722,3279814656,3279814656,798112,287.939,259.396,1440700,3947889632,/mnt/workdisk/public_share/hakozuna_repo/bench_results/hz8_same_run_matrix_20260623T174503Z/small_phase_remote90_run2_mimalloc.log
small_phase_remote90,2,tcmalloc,/mnt/workdisk/public_share/hakozuna_repo/private/bench-assets/linux/allocators/x86_64/libtcmalloc-minimal4/usr/lib/x86_64-linux-gnu/libtcmalloc_minimal.so.4.5.9,3037358.798,3494168.589,3300401152,3301572608,801498,457.906,66.503,1440700,3947889632,/mnt/workdisk/public_share/hakozuna_repo/bench_results/hz8_same_run_matrix_20260623T174503Z/small_phase_remote90_run2_tcmalloc.log
small_phase_remote90,2,system,system,933889.698,1030399.481,15400960,2996568064,731539,1552.796,16.856,1440700,3947889632,/mnt/workdisk/public_share/hakozuna_repo/bench_results/hz8_same_run_matrix_20260623T174503Z/small_phase_remote90_run2_system.log
small_phase_remote90,2,hz8,/mnt/workdisk/public_share/hakozuna_repo/hakozuna-hz8/libhakozuna_hz8_preload.so,3468160.756,4892028.169,18522112,3986161664,969833,327.063,10.303,1440700,3947889632,/mnt/workdisk/public_share/hakozuna_repo/bench_results/hz8_same_run_matrix_20260623T174503Z/small_phase_remote90_run2_hz8.log
small_phase_remote90,3,hz4,/mnt/workdisk/public_share/hakozuna_repo/hakozuna-mt/libhakozuna_hz4.so,3681682.555,3874261.502,3205230592,3205365760,779283,412.982,21.171,1440700,3947889632,/mnt/workdisk/public_share/hakozuna_repo/bench_results/hz8_same_run_matrix_20260623T174503Z/small_phase_remote90_run3_hz4.log
small_phase_remote90,3,mimalloc,/mnt/workdisk/public_share/hakozuna_repo/private/bench-assets/linux/allocators/x86_64/libmimalloc2.0/usr/lib/x86_64-linux-gnu/libmimalloc.so.2.0,2750945.135,5531400.142,3279945728,3279945728,798116,289.258,269.472,1440700,3947889632,/mnt/workdisk/public_share/hakozuna_repo/bench_results/hz8_same_run_matrix_20260623T174503Z/small_phase_remote90_run3_mimalloc.log
small_phase_remote90,3,tcmalloc,/mnt/workdisk/public_share/hakozuna_repo/private/bench-assets/linux/allocators/x86_64/libtcmalloc-minimal4/usr/lib/x86_64-linux-gnu/libtcmalloc_minimal.so.4.5.9,2717388.618,3123886.633,3300716544,3301834752,801662,512.182,73.464,1440700,3947889632,/mnt/workdisk/public_share/hakozuna_repo/bench_results/hz8_same_run_matrix_20260623T174503Z/small_phase_remote90_run3_tcmalloc.log
small_phase_remote90,3,system,system,968774.126,1072122.640,15540224,2996830208,731539,1492.367,16.775,1440700,3947889632,/mnt/workdisk/public_share/hakozuna_repo/bench_results/hz8_same_run_matrix_20260623T174503Z/small_phase_remote90_run3_system.log
small_phase_remote90,3,hz8,/mnt/workdisk/public_share/hakozuna_repo/hakozuna-hz8/libhakozuna_hz8_preload.so,3381097.120,4743533.382,18296832,3985637376,969834,337.301,10.689,1440700,3947889632,/mnt/workdisk/public_share/hakozuna_repo/bench_results/hz8_same_run_matrix_20260623T174503Z/small_phase_remote90_run3_hz8.log
small_phase_remote90,3,hz3,/mnt/workdisk/public_share/hakozuna_repo/libhakozuna_hz3_scale.so,3759900.835,3927814.690,3889176576,3893493760,946997,407.351,15.015,1440700,3947889632,/mnt/workdisk/public_share/hakozuna_repo/bench_results/hz8_same_run_matrix_20260623T174503Z/small_phase_remote90_run3_hz3.log
small_phase_remote90,4,mimalloc,/mnt/workdisk/public_share/hakozuna_repo/private/bench-assets/linux/allocators/x86_64/libmimalloc2.0/usr/lib/x86_64-linux-gnu/libmimalloc.so.2.0,2760052.191,5512724.367,3279814656,3279814656,798113,290.238,267.040,1440700,3947889632,/mnt/workdisk/public_share/hakozuna_repo/bench_results/hz8_same_run_matrix_20260623T174503Z/small_phase_remote90_run4_mimalloc.log
small_phase_remote90,4,tcmalloc,/mnt/workdisk/public_share/hakozuna_repo/private/bench-assets/linux/allocators/x86_64/libtcmalloc-minimal4/usr/lib/x86_64-linux-gnu/libtcmalloc_minimal.so.4.5.9,3040412.974,3501304.055,3298615296,3299606528,801037,456.973,66.506,1440700,3947889632,/mnt/workdisk/public_share/hakozuna_repo/bench_results/hz8_same_run_matrix_20260623T174503Z/small_phase_remote90_run4_tcmalloc.log
small_phase_remote90,4,system,system,922941.865,1021363.060,15351808,2996961280,731542,1566.534,17.227,1440700,3947889632,/mnt/workdisk/public_share/hakozuna_repo/bench_results/hz8_same_run_matrix_20260623T174503Z/small_phase_remote90_run4_system.log
small_phase_remote90,4,hz8,/mnt/workdisk/public_share/hakozuna_repo/hakozuna-hz8/libhakozuna_hz8_preload.so,3520870.816,4893780.210,18214912,3985768448,969831,326.946,10.880,1440700,3947889632,/mnt/workdisk/public_share/hakozuna_repo/bench_results/hz8_same_run_matrix_20260623T174503Z/small_phase_remote90_run4_hz8.log
small_phase_remote90,4,hz3,/mnt/workdisk/public_share/hakozuna_repo/libhakozuna_hz3_scale.so,3744198.809,3915989.734,3888734208,3893100544,947005,408.581,14.952,1440700,3947889632,/mnt/workdisk/public_share/hakozuna_repo/bench_results/hz8_same_run_matrix_20260623T174503Z/small_phase_remote90_run4_hz3.log
small_phase_remote90,4,hz4,/mnt/workdisk/public_share/hakozuna_repo/hakozuna-mt/libhakozuna_hz4.so,3689398.318,3885573.333,3205074944,3205365760,779337,411.780,20.710,1440700,3947889632,/mnt/workdisk/public_share/hakozuna_repo/bench_results/hz8_same_run_matrix_20260623T174503Z/small_phase_remote90_run4_hz4.log
small_phase_remote90,5,tcmalloc,/mnt/workdisk/public_share/hakozuna_repo/private/bench-assets/linux/allocators/x86_64/libtcmalloc-minimal4/usr/lib/x86_64-linux-gnu/libtcmalloc_minimal.so.4.5.9,3046065.311,3513560.690,3300888576,3301572608,801492,455.379,67.493,1440700,3947889632,/mnt/workdisk/public_share/hakozuna_repo/bench_results/hz8_same_run_matrix_20260623T174503Z/small_phase_remote90_run5_tcmalloc.log
small_phase_remote90,5,system,system,916060.541,1016710.937,15609856,2996961280,731541,1573.702,16.921,1440700,3947889632,/mnt/workdisk/public_share/hakozuna_repo/bench_results/hz8_same_run_matrix_20260623T174503Z/small_phase_remote90_run5_system.log
small_phase_remote90,5,hz8,/mnt/workdisk/public_share/hakozuna_repo/hakozuna-hz8/libhakozuna_hz8_preload.so,3542098.925,4876867.969,18321408,3985768448,969831,328.079,10.552,1440700,3947889632,/mnt/workdisk/public_share/hakozuna_repo/bench_results/hz8_same_run_matrix_20260623T174503Z/small_phase_remote90_run5_hz8.log
small_phase_remote90,5,hz3,/mnt/workdisk/public_share/hakozuna_repo/libhakozuna_hz3_scale.so,3687665.534,3849934.556,3889008640,3893231616,947004,415.591,14.726,1440700,3947889632,/mnt/workdisk/public_share/hakozuna_repo/bench_results/hz8_same_run_matrix_20260623T174503Z/small_phase_remote90_run5_hz3.log
small_phase_remote90,5,hz4,/mnt/workdisk/public_share/hakozuna_repo/hakozuna-mt/libhakozuna_hz4.so,3648509.500,3845290.449,3204964352,3205234688,779267,416.093,21.649,1440700,3947889632,/mnt/workdisk/public_share/hakozuna_repo/bench_results/hz8_same_run_matrix_20260623T174503Z/small_phase_remote90_run5_hz4.log
small_phase_remote90,5,mimalloc,/mnt/workdisk/public_share/hakozuna_repo/private/bench-assets/linux/allocators/x86_64/libmimalloc2.0/usr/lib/x86_64-linux-gnu/libmimalloc.so.2.0,2759112.292,5512989.458,3279814656,3279814656,798113,290.224,268.278,1440700,3947889632,/mnt/workdisk/public_share/hakozuna_repo/bench_results/hz8_same_run_matrix_20260623T174503Z/small_phase_remote90_run5_mimalloc.log
small_phase_remote90,6,system,system,949816.385,1059193.896,15425536,2996568064,731543,1510.583,17.578,1440700,3947889632,/mnt/workdisk/public_share/hakozuna_repo/bench_results/hz8_same_run_matrix_20260623T174503Z/small_phase_remote90_run6_system.log
small_phase_remote90,6,hz8,/mnt/workdisk/public_share/hakozuna_repo/hakozuna-hz8/libhakozuna_hz8_preload.so,3319285.529,4603314.601,18259968,3985637376,969833,347.576,11.364,1440700,3947889632,/mnt/workdisk/public_share/hakozuna_repo/bench_results/hz8_same_run_matrix_20260623T174503Z/small_phase_remote90_run6_hz8.log
small_phase_remote90,6,hz3,/mnt/workdisk/public_share/hakozuna_repo/libhakozuna_hz3_scale.so,3709059.749,3885626.648,3889053696,3893362688,947006,411.774,16.321,1440700,3947889632,/mnt/workdisk/public_share/hakozuna_repo/bench_results/hz8_same_run_matrix_20260623T174503Z/small_phase_remote90_run6_hz3.log
small_phase_remote90,6,hz4,/mnt/workdisk/public_share/hakozuna_repo/hakozuna-mt/libhakozuna_hz4.so,3674582.560,3867914.837,3204952064,3205103616,779291,413.660,21.256,1440700,3947889632,/mnt/workdisk/public_share/hakozuna_repo/bench_results/hz8_same_run_matrix_20260623T174503Z/small_phase_remote90_run6_hz4.log
small_phase_remote90,6,mimalloc,/mnt/workdisk/public_share/hakozuna_repo/private/bench-assets/linux/allocators/x86_64/libmimalloc2.0/usr/lib/x86_64-linux-gnu/libmimalloc.so.2.0,2733850.066,5429767.212,3279814656,3279814656,798111,294.672,267.309,1440700,3947889632,/mnt/workdisk/public_share/hakozuna_repo/bench_results/hz8_same_run_matrix_20260623T174503Z/small_phase_remote90_run6_mimalloc.log
small_phase_remote90,6,tcmalloc,/mnt/workdisk/public_share/hakozuna_repo/private/bench-assets/linux/allocators/x86_64/libtcmalloc-minimal4/usr/lib/x86_64-linux-gnu/libtcmalloc_minimal.so.4.5.9,3028567.392,3484558.095,3298488320,3299606528,800992,459.169,66.793,1440700,3947889632,/mnt/workdisk/public_share/hakozuna_repo/bench_results/hz8_same_run_matrix_20260623T174503Z/small_phase_remote90_run6_tcmalloc.log
small_phase_remote90,7,hz8,/mnt/workdisk/public_share/hakozuna_repo/hakozuna-hz8/libhakozuna_hz8_preload.so,3468973.267,4923341.253,18235392,3985637376,969832,324.983,10.594,1440700,3947889632,/mnt/workdisk/public_share/hakozuna_repo/bench_results/hz8_same_run_matrix_20260623T174503Z/small_phase_remote90_run7_hz8.log
small_phase_remote90,7,hz3,/mnt/workdisk/public_share/hakozuna_repo/libhakozuna_hz3_scale.so,3716358.852,3893510.493,3889147904,3893493760,947001,410.940,16.388,1440700,3947889632,/mnt/workdisk/public_share/hakozuna_repo/bench_results/hz8_same_run_matrix_20260623T174503Z/small_phase_remote90_run7_hz3.log
small_phase_remote90,7,hz4,/mnt/workdisk/public_share/hakozuna_repo/hakozuna-mt/libhakozuna_hz4.so,3666804.388,3853805.726,3204812800,3204972544,779226,415.174,20.502,1440700,3947889632,/mnt/workdisk/public_share/hakozuna_repo/bench_results/hz8_same_run_matrix_20260623T174503Z/small_phase_remote90_run7_hz4.log
small_phase_remote90,7,mimalloc,/mnt/workdisk/public_share/hakozuna_repo/private/bench-assets/linux/allocators/x86_64/libmimalloc2.0/usr/lib/x86_64-linux-gnu/libmimalloc.so.2.0,2780914.543,5621840.253,3279814656,3279814656,798118,284.604,267.022,1440700,3947889632,/mnt/workdisk/public_share/hakozuna_repo/bench_results/hz8_same_run_matrix_20260623T174503Z/small_phase_remote90_run7_mimalloc.log
small_phase_remote90,7,tcmalloc,/mnt/workdisk/public_share/hakozuna_repo/private/bench-assets/linux/allocators/x86_64/libtcmalloc-minimal4/usr/lib/x86_64-linux-gnu/libtcmalloc_minimal.so.4.5.9,2995564.182,3441782.902,3300831232,3301703680,801496,464.875,66.634,1440700,3947889632,/mnt/workdisk/public_share/hakozuna_repo/bench_results/hz8_same_run_matrix_20260623T174503Z/small_phase_remote90_run7_tcmalloc.log
small_phase_remote90,7,system,system,925401.485,1021433.138,15532032,2996830208,731539,1566.427,16.829,1440700,3947889632,/mnt/workdisk/public_share/hakozuna_repo/bench_results/hz8_same_run_matrix_20260623T174503Z/small_phase_remote90_run7_system.log
small_phase_remote90,8,hz3,/mnt/workdisk/public_share/hakozuna_repo/libhakozuna_hz3_scale.so,3825444.435,4005121.028,3889176576,3893493760,947006,399.489,14.678,1440700,3947889632,/mnt/workdisk/public_share/hakozuna_repo/bench_results/hz8_same_run_matrix_20260623T174503Z/small_phase_remote90_run8_hz3.log
small_phase_remote90,8,hz4,/mnt/workdisk/public_share/hakozuna_repo/hakozuna-mt/libhakozuna_hz4.so,3717476.662,3919459.564,3205079040,3205365760,779249,408.220,21.381,1440700,3947889632,/mnt/workdisk/public_share/hakozuna_repo/bench_results/hz8_same_run_matrix_20260623T174503Z/small_phase_remote90_run8_hz4.log
small_phase_remote90,8,mimalloc,/mnt/workdisk/public_share/hakozuna_repo/private/bench-assets/linux/allocators/x86_64/libmimalloc2.0/usr/lib/x86_64-linux-gnu/libmimalloc.so.2.0,2762218.346,5524998.611,3279814656,3279814656,798117,289.593,266.887,1440700,3947889632,/mnt/workdisk/public_share/hakozuna_repo/bench_results/hz8_same_run_matrix_20260623T174503Z/small_phase_remote90_run8_mimalloc.log
small_phase_remote90,8,tcmalloc,/mnt/workdisk/public_share/hakozuna_repo/private/bench-assets/linux/allocators/x86_64/libtcmalloc-minimal4/usr/lib/x86_64-linux-gnu/libtcmalloc_minimal.so.4.5.9,3015089.130,3471370.742,3298373632,3299737600,801009,460.913,67.214,1440700,3947889632,/mnt/workdisk/public_share/hakozuna_repo/bench_results/hz8_same_run_matrix_20260623T174503Z/small_phase_remote90_run8_tcmalloc.log
small_phase_remote90,8,system,system,928709.317,1027889.241,15527936,2996830208,731540,1556.588,16.933,1440700,3947889632,/mnt/workdisk/public_share/hakozuna_repo/bench_results/hz8_same_run_matrix_20260623T174503Z/small_phase_remote90_run8_system.log
small_phase_remote90,8,hz8,/mnt/workdisk/public_share/hakozuna_repo/hakozuna-hz8/libhakozuna_hz8_preload.so,3427143.225,4886321.427,18423808,3985768448,969832,327.445,10.968,1440700,3947889632,/mnt/workdisk/public_share/hakozuna_repo/bench_results/hz8_same_run_matrix_20260623T174503Z/small_phase_remote90_run8_hz8.log
small_phase_remote90,9,hz4,/mnt/workdisk/public_share/hakozuna_repo/hakozuna-mt/libhakozuna_hz4.so,3657870.276,3869495.274,3205611520,3205758976,779330,413.491,22.675,1440700,3947889632,/mnt/workdisk/public_share/hakozuna_repo/bench_results/hz8_same_run_matrix_20260623T174503Z/small_phase_remote90_run9_hz4.log
small_phase_remote90,9,mimalloc,/mnt/workdisk/public_share/hakozuna_repo/private/bench-assets/linux/allocators/x86_64/libmimalloc2.0/usr/lib/x86_64-linux-gnu/libmimalloc.so.2.0,2744913.533,5495697.808,3280076800,3280076800,798115,291.137,267.829,1440700,3947889632,/mnt/workdisk/public_share/hakozuna_repo/bench_results/hz8_same_run_matrix_20260623T174503Z/small_phase_remote90_run9_mimalloc.log
small_phase_remote90,9,tcmalloc,/mnt/workdisk/public_share/hakozuna_repo/private/bench-assets/linux/allocators/x86_64/libtcmalloc-minimal4/usr/lib/x86_64-linux-gnu/libtcmalloc_minimal.so.4.5.9,3035246.303,3498914.965,3298578432,3299868672,801023,457.285,67.462,1440700,3947889632,/mnt/workdisk/public_share/hakozuna_repo/bench_results/hz8_same_run_matrix_20260623T174503Z/small_phase_remote90_run9_tcmalloc.log
small_phase_remote90,9,system,system,916607.934,1032440.795,15708160,2997092352,731591,1549.726,23.328,1440700,3947889632,/mnt/workdisk/public_share/hakozuna_repo/bench_results/hz8_same_run_matrix_20260623T174503Z/small_phase_remote90_run9_system.log
small_phase_remote90,9,hz8,/mnt/workdisk/public_share/hakozuna_repo/hakozuna-hz8/libhakozuna_hz8_preload.so,3338272.621,4783978.051,18456576,3985637376,969833,334.450,10.626,1440700,3947889632,/mnt/workdisk/public_share/hakozuna_repo/bench_results/hz8_same_run_matrix_20260623T174503Z/small_phase_remote90_run9_hz8.log
small_phase_remote90,9,hz3,/mnt/workdisk/public_share/hakozuna_repo/libhakozuna_hz3_scale.so,3760725.619,3938647.792,3889164288,3893362688,947005,406.231,14.747,1440700,3947889632,/mnt/workdisk/public_share/hakozuna_repo/bench_results/hz8_same_run_matrix_20260623T174503Z/small_phase_remote90_run9_hz3.log
small_phase_remote90,10,mimalloc,/mnt/workdisk/public_share/hakozuna_repo/private/bench-assets/linux/allocators/x86_64/libmimalloc2.0/usr/lib/x86_64-linux-gnu/libmimalloc.so.2.0,2773940.700,5533719.958,3279814656,3279814656,798115,289.136,265.688,1440700,3947889632,/mnt/workdisk/public_share/hakozuna_repo/bench_results/hz8_same_run_matrix_20260623T174503Z/small_phase_remote90_run10_mimalloc.log
small_phase_remote90,10,tcmalloc,/mnt/workdisk/public_share/hakozuna_repo/private/bench-assets/linux/allocators/x86_64/libtcmalloc-minimal4/usr/lib/x86_64-linux-gnu/libtcmalloc_minimal.so.4.5.9,2973653.777,3438226.777,3297902592,3299213312,800998,465.356,70.278,1440700,3947889632,/mnt/workdisk/public_share/hakozuna_repo/bench_results/hz8_same_run_matrix_20260623T174503Z/small_phase_remote90_run10_tcmalloc.log
small_phase_remote90,10,system,system,962749.943,1073799.129,15564800,2996830208,731539,1490.037,16.857,1440700,3947889632,/mnt/workdisk/public_share/hakozuna_repo/bench_results/hz8_same_run_matrix_20260623T174503Z/small_phase_remote90_run10_system.log
small_phase_remote90,10,hz8,/mnt/workdisk/public_share/hakozuna_repo/hakozuna-hz8/libhakozuna_hz8_preload.so,3373868.415,4866559.087,18227200,3985637376,969832,328.774,11.019,1440700,3947889632,/mnt/workdisk/public_share/hakozuna_repo/bench_results/hz8_same_run_matrix_20260623T174503Z/small_phase_remote90_run10_hz8.log
small_phase_remote90,10,hz3,/mnt/workdisk/public_share/hakozuna_repo/libhakozuna_hz3_scale.so,3768477.259,3919324.315,3888816128,3893100544,947004,408.234,14.776,1440700,3947889632,/mnt/workdisk/public_share/hakozuna_repo/bench_results/hz8_same_run_matrix_20260623T174503Z/small_phase_remote90_run10_hz3.log
small_phase_remote90,10,hz4,/mnt/workdisk/public_share/hakozuna_repo/hakozuna-mt/libhakozuna_hz4.so,3683192.915,3890584.849,3204972544,3205234688,779276,411.249,22.323,1440700,3947889632,/mnt/workdisk/public_share/hakozuna_repo/bench_results/hz8_same_run_matrix_20260623T174503Z/small_phase_remote90_run10_hz4.log
