row,allocator,run,throughput,post_rss,peak_rss,minor_faults,work_ms,tail_ms,log
guard_local0,hz10,1,135200085.987,27787264,27787264,6510,4.361,0.623,/mnt/workdisk/public_share/hakozuna_repo/docs/benchmarks/20260707_hz10_bump_init_l0_r10/guard_local0_run1_hz10.log
guard_local0,hz10_bump,1,235698618.070,3276800,3276800,624,2.191,0.425,/mnt/workdisk/public_share/hakozuna_repo/docs/benchmarks/20260707_hz10_bump_init_l0_r10/guard_local0_run1_hz10_bump.log
guard_local0,hz8,1,237955439.275,1966080,2097152,391,1.668,0.764,/mnt/workdisk/public_share/hakozuna_repo/docs/benchmarks/20260707_hz10_bump_init_l0_r10/guard_local0_run1_hz8.log
guard_local0,tcmalloc,1,387840050.885,7471104,7602176,228,1.059,0.400,/mnt/workdisk/public_share/hakozuna_repo/docs/benchmarks/20260707_hz10_bump_init_l0_r10/guard_local0_run1_tcmalloc.log
main_local0,hz10,1,118461078.058,35389440,35389440,8290,5.520,0.389,/mnt/workdisk/public_share/hakozuna_repo/docs/benchmarks/20260707_hz10_bump_init_l0_r10/main_local0_run1_hz10.log
main_local0,hz10_bump,1,198082806.041,5242880,5242880,1010,2.284,1.093,/mnt/workdisk/public_share/hakozuna_repo/docs/benchmarks/20260707_hz10_bump_init_l0_r10/main_local0_run1_hz10_bump.log
main_local0,hz8,1,118284892.713,3538944,3670016,657,4.596,0.856,/mnt/workdisk/public_share/hakozuna_repo/docs/benchmarks/20260707_hz10_bump_init_l0_r10/main_local0_run1_hz8.log
main_local0,tcmalloc,1,355930152.267,9306112,9306112,759,1.308,0.402,/mnt/workdisk/public_share/hakozuna_repo/docs/benchmarks/20260707_hz10_bump_init_l0_r10/main_local0_run1_tcmalloc.log
main_interleaved_r50,hz10,1,17932399.695,88211456,88211456,21316,34.587,9.248,/mnt/workdisk/public_share/hakozuna_repo/docs/benchmarks/20260707_hz10_bump_init_l0_r10/main_interleaved_r50_run1_hz10.log
main_interleaved_r50,hz10_bump,1,21684466.723,61865984,61865984,14866,32.259,3.813,/mnt/workdisk/public_share/hakozuna_repo/docs/benchmarks/20260707_hz10_bump_init_l0_r10/main_interleaved_r50_run1_hz10_bump.log
main_interleaved_r50,hz8,1,11359048.857,4481024,44695552,10940,54.494,8.245,/mnt/workdisk/public_share/hakozuna_repo/docs/benchmarks/20260707_hz10_bump_init_l0_r10/main_interleaved_r50_run1_hz8.log
main_interleaved_r50,tcmalloc,1,22119873.567,63307776,63307776,13931,29.400,6.079,/mnt/workdisk/public_share/hakozuna_repo/docs/benchmarks/20260707_hz10_bump_init_l0_r10/main_interleaved_r50_run1_tcmalloc.log
main_interleaved_r90,hz10,1,12367943.792,87425024,87425024,21121,56.433,7.526,/mnt/workdisk/public_share/hakozuna_repo/docs/benchmarks/20260707_hz10_bump_init_l0_r10/main_interleaved_r90_run1_hz10.log
main_interleaved_r90,hz10_bump,1,13529851.037,73662464,73662464,17824,54.736,3.712,/mnt/workdisk/public_share/hakozuna_repo/docs/benchmarks/20260707_hz10_bump_init_l0_r10/main_interleaved_r90_run1_hz10_bump.log
main_interleaved_r90,hz8,1,7166769.710,4476928,55836672,13575,91.655,10.233,/mnt/workdisk/public_share/hakozuna_repo/docs/benchmarks/20260707_hz10_bump_init_l0_r10/main_interleaved_r90_run1_hz8.log
main_interleaved_r90,tcmalloc,1,13429015.291,106823680,106823680,24592,51.585,7.216,/mnt/workdisk/public_share/hakozuna_repo/docs/benchmarks/20260707_hz10_bump_init_l0_r10/main_interleaved_r90_run1_tcmalloc.log
small_interleaved_remote90,hz10,1,15106298.681,42598400,42598400,10116,50.510,1.550,/mnt/workdisk/public_share/hakozuna_repo/docs/benchmarks/20260707_hz10_bump_init_l0_r10/small_interleaved_remote90_run1_hz10.log
small_interleaved_remote90,hz10_bump,1,15616402.743,35127296,35127296,8399,48.869,1.569,/mnt/workdisk/public_share/hakozuna_repo/docs/benchmarks/20260707_hz10_bump_init_l0_r10/small_interleaved_remote90_run1_hz10_bump.log
small_interleaved_remote90,hz8,1,14648765.094,2998272,30539776,7269,50.252,2.693,/mnt/workdisk/public_share/hakozuna_repo/docs/benchmarks/20260707_hz10_bump_init_l0_r10/small_interleaved_remote90_run1_hz8.log
small_interleaved_remote90,tcmalloc,1,26243390.520,31195136,31195136,6109,28.680,1.253,/mnt/workdisk/public_share/hakozuna_repo/docs/benchmarks/20260707_hz10_bump_init_l0_r10/small_interleaved_remote90_run1_tcmalloc.log
medium_interleaved_r50,hz10,1,19379783.460,64487424,64487424,15440,33.590,6.984,/mnt/workdisk/public_share/hakozuna_repo/docs/benchmarks/20260707_hz10_bump_init_l0_r10/medium_interleaved_r50_run1_hz10.log
medium_interleaved_r50,hz10_bump,1,17574215.638,86507520,86507520,20909,35.864,8.937,/mnt/workdisk/public_share/hakozuna_repo/docs/benchmarks/20260707_hz10_bump_init_l0_r10/medium_interleaved_r50_run1_hz10_bump.log
medium_interleaved_r50,hz8,1,9131518.614,3907584,53084160,12836,68.222,8.228,/mnt/workdisk/public_share/hakozuna_repo/docs/benchmarks/20260707_hz10_bump_init_l0_r10/medium_interleaved_r50_run1_hz8.log
medium_interleaved_r50,tcmalloc,1,15676324.347,87162880,87162880,19742,45.477,4.867,/mnt/workdisk/public_share/hakozuna_repo/docs/benchmarks/20260707_hz10_bump_init_l0_r10/medium_interleaved_r50_run1_tcmalloc.log
guard_local0,hz10_bump,2,195797452.430,3407872,3407872,622,2.487,0.822,/mnt/workdisk/public_share/hakozuna_repo/docs/benchmarks/20260707_hz10_bump_init_l0_r10/guard_local0_run2_hz10_bump.log
guard_local0,hz8,2,180327244.359,2359296,2359296,387,2.032,1.354,/mnt/workdisk/public_share/hakozuna_repo/docs/benchmarks/20260707_hz10_bump_init_l0_r10/guard_local0_run2_hz8.log
guard_local0,tcmalloc,2,275330775.510,7340032,7340032,225,1.140,1.212,/mnt/workdisk/public_share/hakozuna_repo/docs/benchmarks/20260707_hz10_bump_init_l0_r10/guard_local0_run2_tcmalloc.log
guard_local0,hz10,2,119184273.039,27525120,27525120,6510,4.894,0.970,/mnt/workdisk/public_share/hakozuna_repo/docs/benchmarks/20260707_hz10_bump_init_l0_r10/guard_local0_run2_hz10.log
main_local0,hz10_bump,2,186057502.001,5111808,5111808,1009,2.690,0.721,/mnt/workdisk/public_share/hakozuna_repo/docs/benchmarks/20260707_hz10_bump_init_l0_r10/main_local0_run2_hz10_bump.log
main_local0,hz8,2,99725343.937,3272704,3407872,661,4.846,1.744,/mnt/workdisk/public_share/hakozuna_repo/docs/benchmarks/20260707_hz10_bump_init_l0_r10/main_local0_run2_hz8.log
main_local0,tcmalloc,2,284146103.664,9437184,9437184,761,1.297,0.921,/mnt/workdisk/public_share/hakozuna_repo/docs/benchmarks/20260707_hz10_bump_init_l0_r10/main_local0_run2_tcmalloc.log
main_local0,hz10,2,107804420.143,35389440,35389440,8340,5.494,0.942,/mnt/workdisk/public_share/hakozuna_repo/docs/benchmarks/20260707_hz10_bump_init_l0_r10/main_local0_run2_hz10.log
main_interleaved_r50,hz10_bump,2,18247832.203,79560704,79560704,19199,35.621,7.489,/mnt/workdisk/public_share/hakozuna_repo/docs/benchmarks/20260707_hz10_bump_init_l0_r10/main_interleaved_r50_run2_hz10_bump.log
main_interleaved_r50,hz8,2,8962300.386,4292608,66584576,16218,62.369,14.791,/mnt/workdisk/public_share/hakozuna_repo/docs/benchmarks/20260707_hz10_bump_init_l0_r10/main_interleaved_r50_run2_hz8.log
main_interleaved_r50,tcmalloc,2,22396152.610,68288512,68288512,15179,29.648,5.124,/mnt/workdisk/public_share/hakozuna_repo/docs/benchmarks/20260707_hz10_bump_init_l0_r10/main_interleaved_r50_run2_tcmalloc.log
main_interleaved_r50,hz10,2,20745712.412,72876032,72876032,17570,34.000,3.745,/mnt/workdisk/public_share/hakozuna_repo/docs/benchmarks/20260707_hz10_bump_init_l0_r10/main_interleaved_r50_run2_hz10.log
main_interleaved_r90,hz10_bump,2,12975157.779,80609280,80609280,19482,56.061,4.930,/mnt/workdisk/public_share/hakozuna_repo/docs/benchmarks/20260707_hz10_bump_init_l0_r10/main_interleaved_r90_run2_hz10_bump.log
main_interleaved_r90,hz8,2,7326713.629,5005312,57147392,13897,90.722,8.591,/mnt/workdisk/public_share/hakozuna_repo/docs/benchmarks/20260707_hz10_bump_init_l0_r10/main_interleaved_r90_run2_hz8.log
main_interleaved_r90,tcmalloc,2,14336805.797,81526784,81526784,18356,49.438,5.543,/mnt/workdisk/public_share/hakozuna_repo/docs/benchmarks/20260707_hz10_bump_init_l0_r10/main_interleaved_r90_run2_tcmalloc.log
main_interleaved_r90,hz10,2,12926828.527,87162880,87162880,21013,55.985,5.204,/mnt/workdisk/public_share/hakozuna_repo/docs/benchmarks/20260707_hz10_bump_init_l0_r10/main_interleaved_r90_run2_hz10.log
small_interleaved_remote90,hz10_bump,2,15177067.239,36306944,36306944,8683,49.977,1.992,/mnt/workdisk/public_share/hakozuna_repo/docs/benchmarks/20260707_hz10_bump_init_l0_r10/small_interleaved_remote90_run2_hz10_bump.log
small_interleaved_remote90,hz8,2,14999983.219,2936832,25690112,6157,49.837,1.953,/mnt/workdisk/public_share/hakozuna_repo/docs/benchmarks/20260707_hz10_bump_init_l0_r10/small_interleaved_remote90_run2_hz8.log
small_interleaved_remote90,tcmalloc,2,26754963.397,28311552,28311552,5423,28.715,0.662,/mnt/workdisk/public_share/hakozuna_repo/docs/benchmarks/20260707_hz10_bump_init_l0_r10/small_interleaved_remote90_run2_tcmalloc.log
small_interleaved_remote90,hz10,2,15090929.927,45613056,45613056,10956,50.394,1.812,/mnt/workdisk/public_share/hakozuna_repo/docs/benchmarks/20260707_hz10_bump_init_l0_r10/small_interleaved_remote90_run2_hz10.log
medium_interleaved_r50,hz10_bump,2,19205317.107,67239936,67239936,16168,34.407,6.555,/mnt/workdisk/public_share/hakozuna_repo/docs/benchmarks/20260707_hz10_bump_init_l0_r10/medium_interleaved_r50_run2_hz10_bump.log
medium_interleaved_r50,hz8,2,9800779.074,3997696,60030976,14600,61.022,9.537,/mnt/workdisk/public_share/hakozuna_repo/docs/benchmarks/20260707_hz10_bump_init_l0_r10/medium_interleaved_r50_run2_hz8.log
medium_interleaved_r50,tcmalloc,2,17141267.658,78774272,78774272,17699,40.045,5.960,/mnt/workdisk/public_share/hakozuna_repo/docs/benchmarks/20260707_hz10_bump_init_l0_r10/medium_interleaved_r50_run2_tcmalloc.log
medium_interleaved_r50,hz10,2,19239932.711,61079552,61079552,14622,33.148,7.676,/mnt/workdisk/public_share/hakozuna_repo/docs/benchmarks/20260707_hz10_bump_init_l0_r10/medium_interleaved_r50_run2_hz10.log
guard_local0,hz8,3,179575326.799,2228224,2228224,395,2.021,1.396,/mnt/workdisk/public_share/hakozuna_repo/docs/benchmarks/20260707_hz10_bump_init_l0_r10/guard_local0_run3_hz8.log
guard_local0,tcmalloc,3,366729560.786,7340032,7340032,236,1.367,0.329,/mnt/workdisk/public_share/hakozuna_repo/docs/benchmarks/20260707_hz10_bump_init_l0_r10/guard_local0_run3_tcmalloc.log
guard_local0,hz10,3,124498640.086,27656192,27787264,6508,4.975,0.443,/mnt/workdisk/public_share/hakozuna_repo/docs/benchmarks/20260707_hz10_bump_init_l0_r10/guard_local0_run3_hz10.log
guard_local0,hz10_bump,3,240255247.175,3407872,3407872,626,2.106,0.387,/mnt/workdisk/public_share/hakozuna_repo/docs/benchmarks/20260707_hz10_bump_init_l0_r10/guard_local0_run3_hz10_bump.log
main_local0,hz8,3,124531450.418,3403776,3538944,663,4.494,0.570,/mnt/workdisk/public_share/hakozuna_repo/docs/benchmarks/20260707_hz10_bump_init_l0_r10/main_local0_run3_hz8.log
main_local0,tcmalloc,3,444476298.579,9568256,9699328,770,0.976,0.216,/mnt/workdisk/public_share/hakozuna_repo/docs/benchmarks/20260707_hz10_bump_init_l0_r10/main_local0_run3_tcmalloc.log
main_local0,hz10,3,116781842.759,35389440,35389440,8322,5.574,0.439,/mnt/workdisk/public_share/hakozuna_repo/docs/benchmarks/20260707_hz10_bump_init_l0_r10/main_local0_run3_hz10.log
main_local0,hz10_bump,3,208943240.830,5111808,5111808,1008,2.611,0.404,/mnt/workdisk/public_share/hakozuna_repo/docs/benchmarks/20260707_hz10_bump_init_l0_r10/main_local0_run3_hz10_bump.log
main_interleaved_r50,hz8,3,11328576.030,4464640,46661632,11335,53.812,8.905,/mnt/workdisk/public_share/hakozuna_repo/docs/benchmarks/20260707_hz10_bump_init_l0_r10/main_interleaved_r50_run3_hz8.log
main_interleaved_r50,tcmalloc,3,22577332.939,69468160,69468160,15433,30.420,4.243,/mnt/workdisk/public_share/hakozuna_repo/docs/benchmarks/20260707_hz10_bump_init_l0_r10/main_interleaved_r50_run3_tcmalloc.log
main_interleaved_r50,hz10,3,20199501.385,79429632,79429632,19058,34.282,4.640,/mnt/workdisk/public_share/hakozuna_repo/docs/benchmarks/20260707_hz10_bump_init_l0_r10/main_interleaved_r50_run3_hz10.log
main_interleaved_r50,hz10_bump,3,21544472.032,67895296,67895296,16442,32.446,4.068,/mnt/workdisk/public_share/hakozuna_repo/docs/benchmarks/20260707_hz10_bump_init_l0_r10/main_interleaved_r50_run3_hz10_bump.log
main_interleaved_r90,hz8,3,7424394.973,4628480,54657024,13313,89.783,8.805,/mnt/workdisk/public_share/hakozuna_repo/docs/benchmarks/20260707_hz10_bump_init_l0_r10/main_interleaved_r90_run3_hz8.log
main_interleaved_r90,tcmalloc,3,13714742.846,98041856,98172928,22425,51.749,5.818,/mnt/workdisk/public_share/hakozuna_repo/docs/benchmarks/20260707_hz10_bump_init_l0_r10/main_interleaved_r90_run3_tcmalloc.log
main_interleaved_r90,hz10,3,12757310.162,97386496,97386496,23464,57.180,4.705,/mnt/workdisk/public_share/hakozuna_repo/docs/benchmarks/20260707_hz10_bump_init_l0_r10/main_interleaved_r90_run3_hz10.log
main_interleaved_r90,hz10_bump,3,12850255.189,85458944,85458944,20651,55.835,5.783,/mnt/workdisk/public_share/hakozuna_repo/docs/benchmarks/20260707_hz10_bump_init_l0_r10/main_interleaved_r90_run3_hz10_bump.log
small_interleaved_remote90,hz8,3,15140587.547,2920448,26345472,6245,49.580,1.719,/mnt/workdisk/public_share/hakozuna_repo/docs/benchmarks/20260707_hz10_bump_init_l0_r10/small_interleaved_remote90_run3_hz8.log
small_interleaved_remote90,tcmalloc,3,26553496.549,32243712,32243712,6421,28.511,1.145,/mnt/workdisk/public_share/hakozuna_repo/docs/benchmarks/20260707_hz10_bump_init_l0_r10/small_interleaved_remote90_run3_tcmalloc.log
small_interleaved_remote90,hz10,3,14729690.569,49152000,49152000,11703,51.050,2.398,/mnt/workdisk/public_share/hakozuna_repo/docs/benchmarks/20260707_hz10_bump_init_l0_r10/small_interleaved_remote90_run3_hz10.log
small_interleaved_remote90,hz10_bump,3,15435705.790,38404096,38404096,9176,49.029,2.043,/mnt/workdisk/public_share/hakozuna_repo/docs/benchmarks/20260707_hz10_bump_init_l0_r10/small_interleaved_remote90_run3_hz10_bump.log
medium_interleaved_r50,hz8,3,8701140.229,3956736,67764224,16509,63.311,15.288,/mnt/workdisk/public_share/hakozuna_repo/docs/benchmarks/20260707_hz10_bump_init_l0_r10/medium_interleaved_r50_run3_hz8.log
medium_interleaved_r50,tcmalloc,3,17470170.012,67633152,67764224,14988,40.721,4.447,/mnt/workdisk/public_share/hakozuna_repo/docs/benchmarks/20260707_hz10_bump_init_l0_r10/medium_interleaved_r50_run3_tcmalloc.log
medium_interleaved_r50,hz10,3,19187872.804,73924608,73924608,17762,34.820,6.142,/mnt/workdisk/public_share/hakozuna_repo/docs/benchmarks/20260707_hz10_bump_init_l0_r10/medium_interleaved_r50_run3_hz10.log
medium_interleaved_r50,hz10_bump,3,18471108.911,88473600,88473600,21345,36.141,6.404,/mnt/workdisk/public_share/hakozuna_repo/docs/benchmarks/20260707_hz10_bump_init_l0_r10/medium_interleaved_r50_run3_hz10_bump.log
guard_local0,tcmalloc,4,334879079.350,7208960,7208960,235,1.610,0.334,/mnt/workdisk/public_share/hakozuna_repo/docs/benchmarks/20260707_hz10_bump_init_l0_r10/guard_local0_run4_tcmalloc.log
guard_local0,hz10,4,113400188.414,27525120,27525120,6510,5.227,0.905,/mnt/workdisk/public_share/hakozuna_repo/docs/benchmarks/20260707_hz10_bump_init_l0_r10/guard_local0_run4_hz10.log
guard_local0,hz10_bump,4,262910551.258,3538944,3538944,626,1.787,0.511,/mnt/workdisk/public_share/hakozuna_repo/docs/benchmarks/20260707_hz10_bump_init_l0_r10/guard_local0_run4_hz10_bump.log
guard_local0,hz8,4,214193534.568,1966080,2097152,392,2.132,0.594,/mnt/workdisk/public_share/hakozuna_repo/docs/benchmarks/20260707_hz10_bump_init_l0_r10/guard_local0_run4_hz8.log
main_local0,tcmalloc,4,366626872.375,9306112,9306112,770,1.383,0.318,/mnt/workdisk/public_share/hakozuna_repo/docs/benchmarks/20260707_hz10_bump_init_l0_r10/main_local0_run4_tcmalloc.log
main_local0,hz10,4,111895091.638,35651584,35651584,8324,5.735,0.516,/mnt/workdisk/public_share/hakozuna_repo/docs/benchmarks/20260707_hz10_bump_init_l0_r10/main_local0_run4_hz10.log
main_local0,hz10_bump,4,169302029.106,5373952,5373952,1011,2.675,1.311,/mnt/workdisk/public_share/hakozuna_repo/docs/benchmarks/20260707_hz10_bump_init_l0_r10/main_local0_run4_hz10_bump.log
main_local0,hz8,4,110857785.674,3538944,3670016,677,4.392,1.260,/mnt/workdisk/public_share/hakozuna_repo/docs/benchmarks/20260707_hz10_bump_init_l0_r10/main_local0_run4_hz8.log
main_interleaved_r50,tcmalloc,4,19138386.033,70123520,70123520,15593,35.251,5.768,/mnt/workdisk/public_share/hakozuna_repo/docs/benchmarks/20260707_hz10_bump_init_l0_r10/main_interleaved_r50_run4_tcmalloc.log
main_interleaved_r50,hz10,4,19940226.181,81788928,81788928,19675,33.764,5.620,/mnt/workdisk/public_share/hakozuna_repo/docs/benchmarks/20260707_hz10_bump_init_l0_r10/main_interleaved_r50_run4_hz10.log
main_interleaved_r50,hz10_bump,4,22157258.372,50069504,50069504,11950,31.883,3.576,/mnt/workdisk/public_share/hakozuna_repo/docs/benchmarks/20260707_hz10_bump_init_l0_r10/main_interleaved_r50_run4_hz10_bump.log
main_interleaved_r50,hz8,4,9544678.395,4460544,68550656,16689,58.445,13.396,/mnt/workdisk/public_share/hakozuna_repo/docs/benchmarks/20260707_hz10_bump_init_l0_r10/main_interleaved_r50_run4_hz8.log
main_interleaved_r90,tcmalloc,4,14020348.398,86638592,86638592,19586,50.295,5.896,/mnt/workdisk/public_share/hakozuna_repo/docs/benchmarks/20260707_hz10_bump_init_l0_r10/main_interleaved_r90_run4_tcmalloc.log
main_interleaved_r90,hz10,4,12898604.777,84148224,84148224,20276,55.926,5.392,/mnt/workdisk/public_share/hakozuna_repo/docs/benchmarks/20260707_hz10_bump_init_l0_r10/main_interleaved_r90_run4_hz10.log
main_interleaved_r90,hz10_bump,4,13727827.628,65011712,65011712,15614,54.271,3.341,/mnt/workdisk/public_share/hakozuna_repo/docs/benchmarks/20260707_hz10_bump_init_l0_r10/main_interleaved_r90_run4_hz10_bump.log
main_interleaved_r90,hz8,4,6879996.140,4579328,64094208,15675,91.486,13.614,/mnt/workdisk/public_share/hakozuna_repo/docs/benchmarks/20260707_hz10_bump_init_l0_r10/main_interleaved_r90_run4_hz8.log
small_interleaved_remote90,tcmalloc,4,26111878.891,34996224,34996224,7031,28.405,1.683,/mnt/workdisk/public_share/hakozuna_repo/docs/benchmarks/20260707_hz10_bump_init_l0_r10/small_interleaved_remote90_run4_tcmalloc.log
small_interleaved_remote90,hz10,4,14625880.668,45613056,45613056,10877,52.005,1.794,/mnt/workdisk/public_share/hakozuna_repo/docs/benchmarks/20260707_hz10_bump_init_l0_r10/small_interleaved_remote90_run4_hz10.log
small_interleaved_remote90,hz10_bump,4,15436673.190,39452672,39452672,9374,49.028,1.940,/mnt/workdisk/public_share/hakozuna_repo/docs/benchmarks/20260707_hz10_bump_init_l0_r10/small_interleaved_remote90_run4_hz10_bump.log
small_interleaved_remote90,hz8,4,14668069.741,2969600,29622272,7120,50.274,2.773,/mnt/workdisk/public_share/hakozuna_repo/docs/benchmarks/20260707_hz10_bump_init_l0_r10/small_interleaved_remote90_run4_hz8.log
medium_interleaved_r50,tcmalloc,4,16389669.976,86638592,86638592,19611,42.672,5.529,/mnt/workdisk/public_share/hakozuna_repo/docs/benchmarks/20260707_hz10_bump_init_l0_r10/medium_interleaved_r50_run4_tcmalloc.log
medium_interleaved_r50,hz10,4,18960842.045,66453504,66453504,15946,35.041,6.350,/mnt/workdisk/public_share/hakozuna_repo/docs/benchmarks/20260707_hz10_bump_init_l0_r10/medium_interleaved_r50_run4_hz10.log
medium_interleaved_r50,hz10_bump,4,19244623.046,71565312,71565312,17218,35.430,5.448,/mnt/workdisk/public_share/hakozuna_repo/docs/benchmarks/20260707_hz10_bump_init_l0_r10/medium_interleaved_r50_run4_hz10_bump.log
medium_interleaved_r50,hz8,4,9921241.465,4345856,59768832,14541,60.266,9.367,/mnt/workdisk/public_share/hakozuna_repo/docs/benchmarks/20260707_hz10_bump_init_l0_r10/medium_interleaved_r50_run4_hz8.log
guard_local0,hz10,5,137557021.684,27918336,27918336,6510,4.394,0.518,/mnt/workdisk/public_share/hakozuna_repo/docs/benchmarks/20260707_hz10_bump_init_l0_r10/guard_local0_run5_hz10.log
guard_local0,hz10_bump,5,243744153.949,3407872,3407872,626,1.974,0.518,/mnt/workdisk/public_share/hakozuna_repo/docs/benchmarks/20260707_hz10_bump_init_l0_r10/guard_local0_run5_hz10_bump.log
guard_local0,hz8,5,203649293.515,1966080,2097152,393,1.797,1.248,/mnt/workdisk/public_share/hakozuna_repo/docs/benchmarks/20260707_hz10_bump_init_l0_r10/guard_local0_run5_hz8.log
guard_local0,tcmalloc,5,442184879.709,7471104,7471104,224,0.925,0.284,/mnt/workdisk/public_share/hakozuna_repo/docs/benchmarks/20260707_hz10_bump_init_l0_r10/guard_local0_run5_tcmalloc.log
main_local0,hz10,5,113227169.652,35258368,35258368,8339,5.857,0.344,/mnt/workdisk/public_share/hakozuna_repo/docs/benchmarks/20260707_hz10_bump_init_l0_r10/main_local0_run5_hz10.log
main_local0,hz10_bump,5,233620774.494,4980736,4980736,1010,2.184,0.529,/mnt/workdisk/public_share/hakozuna_repo/docs/benchmarks/20260707_hz10_bump_init_l0_r10/main_local0_run5_hz10_bump.log
main_local0,hz8,5,138291785.295,3801088,3932160,671,3.422,0.793,/mnt/workdisk/public_share/hakozuna_repo/docs/benchmarks/20260707_hz10_bump_init_l0_r10/main_local0_run5_hz8.log
main_local0,tcmalloc,5,597508092.500,9437184,9437184,750,0.788,0.155,/mnt/workdisk/public_share/hakozuna_repo/docs/benchmarks/20260707_hz10_bump_init_l0_r10/main_local0_run5_tcmalloc.log
main_interleaved_r50,hz10,5,20544059.072,90046464,90046464,21673,31.098,7.232,/mnt/workdisk/public_share/hakozuna_repo/docs/benchmarks/20260707_hz10_bump_init_l0_r10/main_interleaved_r50_run5_hz10.log
main_interleaved_r50,hz10_bump,5,19887605.694,74973184,74973184,18123,33.886,5.674,/mnt/workdisk/public_share/hakozuna_repo/docs/benchmarks/20260707_hz10_bump_init_l0_r10/main_interleaved_r50_run5_hz10_bump.log
main_interleaved_r50,hz8,5,11859651.989,4714496,43122688,10490,53.661,6.085,/mnt/workdisk/public_share/hakozuna_repo/docs/benchmarks/20260707_hz10_bump_init_l0_r10/main_interleaved_r50_run5_hz8.log
main_interleaved_r50,tcmalloc,5,21961438.076,74317824,74317824,16644,30.324,5.125,/mnt/workdisk/public_share/hakozuna_repo/docs/benchmarks/20260707_hz10_bump_init_l0_r10/main_interleaved_r50_run5_tcmalloc.log
main_interleaved_r90,hz10,5,12492413.396,101974016,101974016,24648,57.069,6.246,/mnt/workdisk/public_share/hakozuna_repo/docs/benchmarks/20260707_hz10_bump_init_l0_r10/main_interleaved_r90_run5_hz10.log
main_interleaved_r90,hz10_bump,5,12633936.107,81920000,81920000,19761,55.650,7.077,/mnt/workdisk/public_share/hakozuna_repo/docs/benchmarks/20260707_hz10_bump_init_l0_r10/main_interleaved_r90_run5_hz10_bump.log
main_interleaved_r90,hz8,5,6685400.384,4870144,72744960,17665,91.239,16.182,/mnt/workdisk/public_share/hakozuna_repo/docs/benchmarks/20260707_hz10_bump_init_l0_r10/main_interleaved_r90_run5_hz8.log
main_interleaved_r90,tcmalloc,5,13010596.171,104464384,104464384,23962,51.327,9.207,/mnt/workdisk/public_share/hakozuna_repo/docs/benchmarks/20260707_hz10_bump_init_l0_r10/main_interleaved_r90_run5_tcmalloc.log
small_interleaved_remote90,hz10,5,15114213.387,44957696,44957696,10698,50.778,1.342,/mnt/workdisk/public_share/hakozuna_repo/docs/benchmarks/20260707_hz10_bump_init_l0_r10/small_interleaved_remote90_run5_hz10.log
small_interleaved_remote90,hz10_bump,5,15363854.385,37224448,37224448,8862,49.130,2.235,/mnt/workdisk/public_share/hakozuna_repo/docs/benchmarks/20260707_hz10_bump_init_l0_r10/small_interleaved_remote90_run5_hz10_bump.log
small_interleaved_remote90,hz8,5,14609792.886,3149824,24248320,5703,50.320,2.328,/mnt/workdisk/public_share/hakozuna_repo/docs/benchmarks/20260707_hz10_bump_init_l0_r10/small_interleaved_remote90_run5_hz8.log
small_interleaved_remote90,tcmalloc,5,26139440.256,34471936,34471936,6934,28.662,1.448,/mnt/workdisk/public_share/hakozuna_repo/docs/benchmarks/20260707_hz10_bump_init_l0_r10/small_interleaved_remote90_run5_tcmalloc.log
medium_interleaved_r50,hz10,5,19727432.963,64618496,64618496,15502,34.190,5.580,/mnt/workdisk/public_share/hakozuna_repo/docs/benchmarks/20260707_hz10_bump_init_l0_r10/medium_interleaved_r50_run5_hz10.log
medium_interleaved_r50,hz10_bump,5,18955715.870,64618496,64618496,15573,35.255,6.260,/mnt/workdisk/public_share/hakozuna_repo/docs/benchmarks/20260707_hz10_bump_init_l0_r10/medium_interleaved_r50_run5_hz10_bump.log
medium_interleaved_r50,hz8,5,9548603.268,4091904,65273856,15882,60.368,11.167,/mnt/workdisk/public_share/hakozuna_repo/docs/benchmarks/20260707_hz10_bump_init_l0_r10/medium_interleaved_r50_run5_hz8.log
medium_interleaved_r50,tcmalloc,5,16669800.937,78905344,78905344,17740,41.107,6.207,/mnt/workdisk/public_share/hakozuna_repo/docs/benchmarks/20260707_hz10_bump_init_l0_r10/medium_interleaved_r50_run5_tcmalloc.log
guard_local0,hz10_bump,6,236781313.219,3407872,3407872,622,2.108,0.511,/mnt/workdisk/public_share/hakozuna_repo/docs/benchmarks/20260707_hz10_bump_init_l0_r10/guard_local0_run6_hz10_bump.log
guard_local0,hz8,6,229603463.339,2228224,2228224,387,2.010,0.501,/mnt/workdisk/public_share/hakozuna_repo/docs/benchmarks/20260707_hz10_bump_init_l0_r10/guard_local0_run6_hz8.log
guard_local0,tcmalloc,6,442344292.045,7208960,7208960,236,0.946,0.205,/mnt/workdisk/public_share/hakozuna_repo/docs/benchmarks/20260707_hz10_bump_init_l0_r10/guard_local0_run6_tcmalloc.log
guard_local0,hz10,6,147548309.622,27656192,27656192,6510,4.135,0.447,/mnt/workdisk/public_share/hakozuna_repo/docs/benchmarks/20260707_hz10_bump_init_l0_r10/guard_local0_run6_hz10.log
main_local0,hz10_bump,6,227950296.578,4980736,4980736,1012,2.277,0.437,/mnt/workdisk/public_share/hakozuna_repo/docs/benchmarks/20260707_hz10_bump_init_l0_r10/main_local0_run6_hz10_bump.log
main_local0,hz8,6,126321360.911,3538944,3538944,671,4.184,0.783,/mnt/workdisk/public_share/hakozuna_repo/docs/benchmarks/20260707_hz10_bump_init_l0_r10/main_local0_run6_hz8.log
main_local0,tcmalloc,6,539592607.581,9568256,9699328,753,0.952,0.131,/mnt/workdisk/public_share/hakozuna_repo/docs/benchmarks/20260707_hz10_bump_init_l0_r10/main_local0_run6_tcmalloc.log
main_local0,hz10,6,109033790.253,34996224,34996224,8290,5.835,0.675,/mnt/workdisk/public_share/hakozuna_repo/docs/benchmarks/20260707_hz10_bump_init_l0_r10/main_local0_run6_hz10.log
main_interleaved_r50,hz10_bump,6,22744521.733,49938432,49938432,12019,31.365,3.196,/mnt/workdisk/public_share/hakozuna_repo/docs/benchmarks/20260707_hz10_bump_init_l0_r10/main_interleaved_r50_run6_hz10_bump.log
main_interleaved_r50,hz8,6,10830085.582,4452352,52559872,12798,57.565,6.722,/mnt/workdisk/public_share/hakozuna_repo/docs/benchmarks/20260707_hz10_bump_init_l0_r10/main_interleaved_r50_run6_hz8.log
main_interleaved_r50,tcmalloc,6,19570893.482,77594624,77594624,17463,33.726,6.416,/mnt/workdisk/public_share/hakozuna_repo/docs/benchmarks/20260707_hz10_bump_init_l0_r10/main_interleaved_r50_run6_tcmalloc.log
main_interleaved_r50,hz10,6,17848241.047,86376448,86376448,20814,37.071,6.868,/mnt/workdisk/public_share/hakozuna_repo/docs/benchmarks/20260707_hz10_bump_init_l0_r10/main_interleaved_r50_run6_hz10.log
main_interleaved_r90,hz10_bump,6,12716189.528,85721088,85721088,20719,55.448,6.804,/mnt/workdisk/public_share/hakozuna_repo/docs/benchmarks/20260707_hz10_bump_init_l0_r10/main_interleaved_r90_run6_hz10_bump.log
main_interleaved_r90,hz8,6,7159879.244,4849664,60424192,14654,91.084,10.271,/mnt/workdisk/public_share/hakozuna_repo/docs/benchmarks/20260707_hz10_bump_init_l0_r10/main_interleaved_r90_run6_hz8.log
main_interleaved_r90,tcmalloc,6,14460291.578,68157440,68288512,15181,50.081,4.515,/mnt/workdisk/public_share/hakozuna_repo/docs/benchmarks/20260707_hz10_bump_init_l0_r10/main_interleaved_r90_run6_tcmalloc.log
main_interleaved_r90,hz10,6,13180684.748,82837504,82837504,19907,56.179,3.800,/mnt/workdisk/public_share/hakozuna_repo/docs/benchmarks/20260707_hz10_bump_init_l0_r10/main_interleaved_r90_run6_hz10.log
small_interleaved_remote90,hz10_bump,6,15560424.239,33423360,33423360,7969,49.428,1.227,/mnt/workdisk/public_share/hakozuna_repo/docs/benchmarks/20260707_hz10_bump_init_l0_r10/small_interleaved_remote90_run6_hz10_bump.log
small_interleaved_remote90,hz8,6,14971590.378,3035136,24248320,5823,49.989,1.968,/mnt/workdisk/public_share/hakozuna_repo/docs/benchmarks/20260707_hz10_bump_init_l0_r10/small_interleaved_remote90_run6_hz8.log
small_interleaved_remote90,tcmalloc,6,26637887.093,30146560,30146560,5838,28.529,0.944,/mnt/workdisk/public_share/hakozuna_repo/docs/benchmarks/20260707_hz10_bump_init_l0_r10/small_interleaved_remote90_run6_tcmalloc.log
small_interleaved_remote90,hz10,6,14956418.585,42860544,42860544,10233,51.413,1.308,/mnt/workdisk/public_share/hakozuna_repo/docs/benchmarks/20260707_hz10_bump_init_l0_r10/small_interleaved_remote90_run6_hz10.log
medium_interleaved_r50,hz10_bump,6,20325590.554,60555264,60555264,14559,33.759,4.922,/mnt/workdisk/public_share/hakozuna_repo/docs/benchmarks/20260707_hz10_bump_init_l0_r10/medium_interleaved_r50_run6_hz10_bump.log
medium_interleaved_r50,hz8,6,9992066.799,4341760,54788096,13337,59.857,9.746,/mnt/workdisk/public_share/hakozuna_repo/docs/benchmarks/20260707_hz10_bump_init_l0_r10/medium_interleaved_r50_run6_hz8.log
medium_interleaved_r50,tcmalloc,6,17782527.293,71827456,71827456,16052,39.562,4.674,/mnt/workdisk/public_share/hakozuna_repo/docs/benchmarks/20260707_hz10_bump_init_l0_r10/medium_interleaved_r50_run6_tcmalloc.log
medium_interleaved_r50,hz10,6,18433278.686,82313216,82313216,19876,35.956,6.457,/mnt/workdisk/public_share/hakozuna_repo/docs/benchmarks/20260707_hz10_bump_init_l0_r10/medium_interleaved_r50_run6_hz10.log
guard_local0,hz8,7,157151287.187,2228224,2228224,393,1.943,1.954,/mnt/workdisk/public_share/hakozuna_repo/docs/benchmarks/20260707_hz10_bump_init_l0_r10/guard_local0_run7_hz8.log
guard_local0,tcmalloc,7,261627887.963,7471104,7471104,213,1.571,0.892,/mnt/workdisk/public_share/hakozuna_repo/docs/benchmarks/20260707_hz10_bump_init_l0_r10/guard_local0_run7_tcmalloc.log
guard_local0,hz10,7,115967726.761,27394048,27525120,6512,4.836,1.012,/mnt/workdisk/public_share/hakozuna_repo/docs/benchmarks/20260707_hz10_bump_init_l0_r10/guard_local0_run7_hz10.log
guard_local0,hz10_bump,7,195160031.226,3538944,3538944,624,2.229,1.105,/mnt/workdisk/public_share/hakozuna_repo/docs/benchmarks/20260707_hz10_bump_init_l0_r10/guard_local0_run7_hz10_bump.log
main_local0,hz8,7,119509687.605,3538944,3670016,671,4.575,0.743,/mnt/workdisk/public_share/hakozuna_repo/docs/benchmarks/20260707_hz10_bump_init_l0_r10/main_local0_run7_hz8.log
main_local0,tcmalloc,7,336322115.870,9437184,9437184,807,1.564,0.295,/mnt/workdisk/public_share/hakozuna_repo/docs/benchmarks/20260707_hz10_bump_init_l0_r10/main_local0_run7_tcmalloc.log
main_local0,hz10,7,106469003.413,35258368,35258368,8322,5.535,1.175,/mnt/workdisk/public_share/hakozuna_repo/docs/benchmarks/20260707_hz10_bump_init_l0_r10/main_local0_run7_hz10.log
main_local0,hz10_bump,7,205520116.181,5111808,5242880,1012,2.545,0.492,/mnt/workdisk/public_share/hakozuna_repo/docs/benchmarks/20260707_hz10_bump_init_l0_r10/main_local0_run7_hz10_bump.log
main_interleaved_r50,hz8,7,11068031.106,4661248,48889856,11873,55.860,8.100,/mnt/workdisk/public_share/hakozuna_repo/docs/benchmarks/20260707_hz10_bump_init_l0_r10/main_interleaved_r50_run7_hz8.log
main_interleaved_r50,tcmalloc,7,25202566.415,49938432,49938432,10600,28.981,2.069,/mnt/workdisk/public_share/hakozuna_repo/docs/benchmarks/20260707_hz10_bump_init_l0_r10/main_interleaved_r50_run7_tcmalloc.log
main_interleaved_r50,hz10,7,20522790.379,73662464,73662464,17676,34.910,3.045,/mnt/workdisk/public_share/hakozuna_repo/docs/benchmarks/20260707_hz10_bump_init_l0_r10/main_interleaved_r50_run7_hz10.log
main_interleaved_r50,hz10_bump,7,20163852.982,66322432,66322432,16017,32.630,6.423,/mnt/workdisk/public_share/hakozuna_repo/docs/benchmarks/20260707_hz10_bump_init_l0_r10/main_interleaved_r50_run7_hz10_bump.log
main_interleaved_r90,hz8,7,6579225.038,4694016,76414976,18582,94.277,14.092,/mnt/workdisk/public_share/hakozuna_repo/docs/benchmarks/20260707_hz10_bump_init_l0_r10/main_interleaved_r90_run7_hz8.log
main_interleaved_r90,tcmalloc,7,13628523.054,96600064,96600064,22063,49.590,8.181,/mnt/workdisk/public_share/hakozuna_repo/docs/benchmarks/20260707_hz10_bump_init_l0_r10/main_interleaved_r90_run7_tcmalloc.log
main_interleaved_r90,hz10,7,13349301.768,83623936,83623936,20222,55.671,3.518,/mnt/workdisk/public_share/hakozuna_repo/docs/benchmarks/20260707_hz10_bump_init_l0_r10/main_interleaved_r90_run7_hz10.log
main_interleaved_r90,hz10_bump,7,13134572.014,75366400,75366400,18237,55.599,4.607,/mnt/workdisk/public_share/hakozuna_repo/docs/benchmarks/20260707_hz10_bump_init_l0_r10/main_interleaved_r90_run7_hz10_bump.log
small_interleaved_remote90,hz8,7,14877233.903,3084288,27787264,6672,50.317,1.633,/mnt/workdisk/public_share/hakozuna_repo/docs/benchmarks/20260707_hz10_bump_init_l0_r10/small_interleaved_remote90_run7_hz8.log
small_interleaved_remote90,tcmalloc,7,25795887.781,32112640,32112640,6382,29.292,1.180,/mnt/workdisk/public_share/hakozuna_repo/docs/benchmarks/20260707_hz10_bump_init_l0_r10/small_interleaved_remote90_run7_tcmalloc.log
small_interleaved_remote90,hz10,7,14729684.874,41025536,41025536,9726,52.161,1.340,/mnt/workdisk/public_share/hakozuna_repo/docs/benchmarks/20260707_hz10_bump_init_l0_r10/small_interleaved_remote90_run7_hz10.log
small_interleaved_remote90,hz10_bump,7,15409544.175,35913728,35913728,8570,49.767,1.431,/mnt/workdisk/public_share/hakozuna_repo/docs/benchmarks/20260707_hz10_bump_init_l0_r10/small_interleaved_remote90_run7_hz10_bump.log
medium_interleaved_r50,hz8,7,9608082.242,4313088,60948480,14917,60.636,11.008,/mnt/workdisk/public_share/hakozuna_repo/docs/benchmarks/20260707_hz10_bump_init_l0_r10/medium_interleaved_r50_run7_hz8.log
medium_interleaved_r50,tcmalloc,7,17084875.955,84541440,84541440,19006,40.632,5.577,/mnt/workdisk/public_share/hakozuna_repo/docs/benchmarks/20260707_hz10_bump_init_l0_r10/medium_interleaved_r50_run7_tcmalloc.log
medium_interleaved_r50,hz10,7,18975623.724,68681728,68681728,16518,34.180,7.234,/mnt/workdisk/public_share/hakozuna_repo/docs/benchmarks/20260707_hz10_bump_init_l0_r10/medium_interleaved_r50_run7_hz10.log
medium_interleaved_r50,hz10_bump,7,18651605.495,75890688,75890688,18280,35.419,6.771,/mnt/workdisk/public_share/hakozuna_repo/docs/benchmarks/20260707_hz10_bump_init_l0_r10/medium_interleaved_r50_run7_hz10_bump.log
guard_local0,tcmalloc,8,376510454.048,7471104,7471104,227,1.005,0.477,/mnt/workdisk/public_share/hakozuna_repo/docs/benchmarks/20260707_hz10_bump_init_l0_r10/guard_local0_run8_tcmalloc.log
guard_local0,hz10,8,135541622.630,27656192,27656192,6510,4.719,0.316,/mnt/workdisk/public_share/hakozuna_repo/docs/benchmarks/20260707_hz10_bump_init_l0_r10/guard_local0_run8_hz10.log
guard_local0,hz10_bump,8,249900508.360,3801088,3801088,624,1.906,0.530,/mnt/workdisk/public_share/hakozuna_repo/docs/benchmarks/20260707_hz10_bump_init_l0_r10/guard_local0_run8_hz10_bump.log
guard_local0,hz8,8,232856995.242,2097152,2097152,391,1.698,0.746,/mnt/workdisk/public_share/hakozuna_repo/docs/benchmarks/20260707_hz10_bump_init_l0_r10/guard_local0_run8_hz8.log
main_local0,tcmalloc,8,501549788.848,9437184,9568256,749,0.809,0.354,/mnt/workdisk/public_share/hakozuna_repo/docs/benchmarks/20260707_hz10_bump_init_l0_r10/main_local0_run8_tcmalloc.log
main_local0,hz10,8,114599060.861,35127296,35127296,8290,5.793,0.347,/mnt/workdisk/public_share/hakozuna_repo/docs/benchmarks/20260707_hz10_bump_init_l0_r10/main_local0_run8_hz10.log
main_local0,hz10_bump,8,201517883.075,4849664,4849664,1007,2.721,0.436,/mnt/workdisk/public_share/hakozuna_repo/docs/benchmarks/20260707_hz10_bump_init_l0_r10/main_local0_run8_hz10_bump.log
main_local0,hz8,8,123357875.383,3932160,3932160,663,4.236,0.868,/mnt/workdisk/public_share/hakozuna_repo/docs/benchmarks/20260707_hz10_bump_init_l0_r10/main_local0_run8_hz8.log
main_interleaved_r50,tcmalloc,8,22483754.504,68419584,68550656,15159,29.497,5.396,/mnt/workdisk/public_share/hakozuna_repo/docs/benchmarks/20260707_hz10_bump_init_l0_r10/main_interleaved_r50_run8_tcmalloc.log
main_interleaved_r50,hz10,8,20551818.907,72744960,72744960,17574,33.937,4.306,/mnt/workdisk/public_share/hakozuna_repo/docs/benchmarks/20260707_hz10_bump_init_l0_r10/main_interleaved_r50_run8_hz10.log
main_interleaved_r50,hz10_bump,8,20547133.172,72876032,72876032,17489,32.950,5.286,/mnt/workdisk/public_share/hakozuna_repo/docs/benchmarks/20260707_hz10_bump_init_l0_r10/main_interleaved_r50_run8_hz10_bump.log
main_interleaved_r50,hz8,8,11016051.006,4456448,52428800,12773,56.831,6.868,/mnt/workdisk/public_share/hakozuna_repo/docs/benchmarks/20260707_hz10_bump_init_l0_r10/main_interleaved_r50_run8_hz8.log
main_interleaved_r90,tcmalloc,8,12836371.293,108396544,108396544,24937,51.332,10.096,/mnt/workdisk/public_share/hakozuna_repo/docs/benchmarks/20260707_hz10_bump_init_l0_r10/main_interleaved_r90_run8_tcmalloc.log
main_interleaved_r90,hz10,8,11874124.543,91357184,91357184,22025,59.560,7.013,/mnt/workdisk/public_share/hakozuna_repo/docs/benchmarks/20260707_hz10_bump_init_l0_r10/main_interleaved_r90_run8_hz10.log
main_interleaved_r90,hz10_bump,8,13376994.282,68288512,68288512,16443,55.691,3.251,/mnt/workdisk/public_share/hakozuna_repo/docs/benchmarks/20260707_hz10_bump_init_l0_r10/main_interleaved_r90_run8_hz10_bump.log
main_interleaved_r90,hz8,8,6016325.811,4837376,82051072,20009,105.652,12.640,/mnt/workdisk/public_share/hakozuna_repo/docs/benchmarks/20260707_hz10_bump_init_l0_r10/main_interleaved_r90_run8_hz8.log
small_interleaved_remote90,tcmalloc,8,26254710.998,31195136,31195136,6147,28.587,1.395,/mnt/workdisk/public_share/hakozuna_repo/docs/benchmarks/20260707_hz10_bump_init_l0_r10/small_interleaved_remote90_run8_tcmalloc.log
small_interleaved_remote90,hz10,8,14792711.764,46530560,46530560,11035,50.942,2.379,/mnt/workdisk/public_share/hakozuna_repo/docs/benchmarks/20260707_hz10_bump_init_l0_r10/small_interleaved_remote90_run8_hz10.log
small_interleaved_remote90,hz10_bump,8,15582286.579,30408704,30539776,7195,49.509,0.978,/mnt/workdisk/public_share/hakozuna_repo/docs/benchmarks/20260707_hz10_bump_init_l0_r10/small_interleaved_remote90_run8_hz10_bump.log
small_interleaved_remote90,hz8,8,14414808.939,2936832,29753344,7113,50.702,2.993,/mnt/workdisk/public_share/hakozuna_repo/docs/benchmarks/20260707_hz10_bump_init_l0_r10/small_interleaved_remote90_run8_hz8.log
medium_interleaved_r50,tcmalloc,8,16475799.337,90701824,90832896,20625,41.362,6.569,/mnt/workdisk/public_share/hakozuna_repo/docs/benchmarks/20260707_hz10_bump_init_l0_r10/medium_interleaved_r50_run8_tcmalloc.log
medium_interleaved_r50,hz10,8,18720998.687,82182144,82182144,19804,35.486,6.275,/mnt/workdisk/public_share/hakozuna_repo/docs/benchmarks/20260707_hz10_bump_init_l0_r10/medium_interleaved_r50_run8_hz10.log
medium_interleaved_r50,hz10_bump,8,19870222.115,57409536,57409536,13749,34.406,5.192,/mnt/workdisk/public_share/hakozuna_repo/docs/benchmarks/20260707_hz10_bump_init_l0_r10/medium_interleaved_r50_run8_hz10_bump.log
medium_interleaved_r50,hz8,8,9702386.098,4194304,61603840,14999,62.171,8.167,/mnt/workdisk/public_share/hakozuna_repo/docs/benchmarks/20260707_hz10_bump_init_l0_r10/medium_interleaved_r50_run8_hz8.log
guard_local0,hz10,9,128974365.216,27918336,27918336,6510,4.769,0.595,/mnt/workdisk/public_share/hakozuna_repo/docs/benchmarks/20260707_hz10_bump_init_l0_r10/guard_local0_run9_hz10.log
guard_local0,hz10_bump,9,256620652.445,3407872,3407872,622,1.869,0.458,/mnt/workdisk/public_share/hakozuna_repo/docs/benchmarks/20260707_hz10_bump_init_l0_r10/guard_local0_run9_hz10_bump.log
guard_local0,hz8,9,234136656.201,1966080,2097152,393,1.759,0.604,/mnt/workdisk/public_share/hakozuna_repo/docs/benchmarks/20260707_hz10_bump_init_l0_r10/guard_local0_run9_hz8.log
guard_local0,tcmalloc,9,366754947.639,7340032,7340032,221,1.321,0.420,/mnt/workdisk/public_share/hakozuna_repo/docs/benchmarks/20260707_hz10_bump_init_l0_r10/guard_local0_run9_tcmalloc.log
main_local0,hz10,9,114995036.527,35389440,35389440,8306,5.599,0.505,/mnt/workdisk/public_share/hakozuna_repo/docs/benchmarks/20260707_hz10_bump_init_l0_r10/main_local0_run9_hz10.log
main_local0,hz10_bump,9,228508751.885,5242880,5242880,1010,2.334,0.298,/mnt/workdisk/public_share/hakozuna_repo/docs/benchmarks/20260707_hz10_bump_init_l0_r10/main_local0_run9_hz10_bump.log
main_local0,hz8,9,118468305.508,3670016,3670016,643,4.527,0.806,/mnt/workdisk/public_share/hakozuna_repo/docs/benchmarks/20260707_hz10_bump_init_l0_r10/main_local0_run9_hz8.log
main_local0,tcmalloc,9,415052932.219,9306112,9306112,762,1.088,0.248,/mnt/workdisk/public_share/hakozuna_repo/docs/benchmarks/20260707_hz10_bump_init_l0_r10/main_local0_run9_tcmalloc.log
main_interleaved_r50,hz10,9,20784832.684,72220672,72220672,17334,34.407,3.398,/mnt/workdisk/public_share/hakozuna_repo/docs/benchmarks/20260707_hz10_bump_init_l0_r10/main_interleaved_r50_run9_hz10.log
main_interleaved_r50,hz10_bump,9,22405711.305,59113472,59113472,14254,31.992,3.012,/mnt/workdisk/public_share/hakozuna_repo/docs/benchmarks/20260707_hz10_bump_init_l0_r10/main_interleaved_r50_run9_hz10_bump.log
main_interleaved_r50,hz8,9,12298080.884,4513792,38273024,9291,54.051,4.510,/mnt/workdisk/public_share/hakozuna_repo/docs/benchmarks/20260707_hz10_bump_init_l0_r10/main_interleaved_r50_run9_hz8.log
main_interleaved_r50,tcmalloc,9,23169110.964,63832064,63963136,14061,30.043,3.811,/mnt/workdisk/public_share/hakozuna_repo/docs/benchmarks/20260707_hz10_bump_init_l0_r10/main_interleaved_r50_run9_tcmalloc.log
main_interleaved_r90,hz10,9,12024378.164,111411200,111411200,26936,57.887,8.006,/mnt/workdisk/public_share/hakozuna_repo/docs/benchmarks/20260707_hz10_bump_init_l0_r10/main_interleaved_r90_run9_hz10.log
main_interleaved_r90,hz10_bump,9,13098705.393,67239936,67239936,16326,55.962,4.295,/mnt/workdisk/public_share/hakozuna_repo/docs/benchmarks/20260707_hz10_bump_init_l0_r10/main_interleaved_r90_run9_hz10_bump.log
main_interleaved_r90,hz8,9,6574413.888,4730880,80740352,19622,96.356,12.065,/mnt/workdisk/public_share/hakozuna_repo/docs/benchmarks/20260707_hz10_bump_init_l0_r10/main_interleaved_r90_run9_hz8.log
main_interleaved_r90,tcmalloc,9,14560700.923,76546048,76546048,17126,49.948,4.317,/mnt/workdisk/public_share/hakozuna_repo/docs/benchmarks/20260707_hz10_bump_init_l0_r10/main_interleaved_r90_run9_tcmalloc.log
small_interleaved_remote90,hz10,9,14882572.965,43122688,43122688,10315,50.867,1.943,/mnt/workdisk/public_share/hakozuna_repo/docs/benchmarks/20260707_hz10_bump_init_l0_r10/small_interleaved_remote90_run9_hz10.log
small_interleaved_remote90,hz10_bump,9,15359996.559,37224448,37224448,8886,49.472,1.856,/mnt/workdisk/public_share/hakozuna_repo/docs/benchmarks/20260707_hz10_bump_init_l0_r10/small_interleaved_remote90_run9_hz10_bump.log
small_interleaved_remote90,hz8,9,14751104.521,3051520,27918336,6658,49.961,2.418,/mnt/workdisk/public_share/hakozuna_repo/docs/benchmarks/20260707_hz10_bump_init_l0_r10/small_interleaved_remote90_run9_hz8.log
small_interleaved_remote90,tcmalloc,9,25404268.444,33554432,33554432,6692,29.755,1.204,/mnt/workdisk/public_share/hakozuna_repo/docs/benchmarks/20260707_hz10_bump_init_l0_r10/small_interleaved_remote90_run9_tcmalloc.log
medium_interleaved_r50,hz10,9,20217622.488,70254592,70254592,16954,35.001,3.771,/mnt/workdisk/public_share/hakozuna_repo/docs/benchmarks/20260707_hz10_bump_init_l0_r10/medium_interleaved_r50_run9_hz10.log
medium_interleaved_r50,hz10_bump,9,19367342.516,69206016,69337088,16727,34.460,6.089,/mnt/workdisk/public_share/hakozuna_repo/docs/benchmarks/20260707_hz10_bump_init_l0_r10/medium_interleaved_r50_run9_hz10_bump.log
medium_interleaved_r50,hz8,9,9724183.857,4050944,60424192,14671,61.669,8.941,/mnt/workdisk/public_share/hakozuna_repo/docs/benchmarks/20260707_hz10_bump_init_l0_r10/medium_interleaved_r50_run9_hz8.log
medium_interleaved_r50,tcmalloc,9,16642639.895,84934656,85065728,19157,40.634,6.681,/mnt/workdisk/public_share/hakozuna_repo/docs/benchmarks/20260707_hz10_bump_init_l0_r10/medium_interleaved_r50_run9_tcmalloc.log
guard_local0,hz10_bump,10,223107711.941,3145728,3145728,624,2.203,0.549,/mnt/workdisk/public_share/hakozuna_repo/docs/benchmarks/20260707_hz10_bump_init_l0_r10/guard_local0_run10_hz10_bump.log
guard_local0,hz8,10,252168014.505,1966080,1966080,393,1.568,0.691,/mnt/workdisk/public_share/hakozuna_repo/docs/benchmarks/20260707_hz10_bump_init_l0_r10/guard_local0_run10_hz8.log
guard_local0,tcmalloc,10,552106424.034,7340032,7471104,227,0.932,0.160,/mnt/workdisk/public_share/hakozuna_repo/docs/benchmarks/20260707_hz10_bump_init_l0_r10/guard_local0_run10_tcmalloc.log
guard_local0,hz10,10,145111370.256,27656192,27656192,6512,4.309,0.353,/mnt/workdisk/public_share/hakozuna_repo/docs/benchmarks/20260707_hz10_bump_init_l0_r10/guard_local0_run10_hz10.log
main_local0,hz10_bump,10,248031328.837,5373952,5373952,1008,1.520,0.468,/mnt/workdisk/public_share/hakozuna_repo/docs/benchmarks/20260707_hz10_bump_init_l0_r10/main_local0_run10_hz10_bump.log
main_local0,hz8,10,137071759.979,3801088,3801088,651,3.425,0.566,/mnt/workdisk/public_share/hakozuna_repo/docs/benchmarks/20260707_hz10_bump_init_l0_r10/main_local0_run10_hz8.log
main_local0,tcmalloc,10,584679924.284,9568256,9699328,779,0.765,0.190,/mnt/workdisk/public_share/hakozuna_repo/docs/benchmarks/20260707_hz10_bump_init_l0_r10/main_local0_run10_tcmalloc.log
main_local0,hz10,10,116639771.479,35389440,35389440,8322,5.061,1.182,/mnt/workdisk/public_share/hakozuna_repo/docs/benchmarks/20260707_hz10_bump_init_l0_r10/main_local0_run10_hz10.log
main_interleaved_r50,hz10_bump,10,22453249.948,73269248,73269248,17628,30.453,4.593,/mnt/workdisk/public_share/hakozuna_repo/docs/benchmarks/20260707_hz10_bump_init_l0_r10/main_interleaved_r50_run10_hz10_bump.log
main_interleaved_r50,hz8,10,10444615.806,4640768,59637760,14510,57.175,9.623,/mnt/workdisk/public_share/hakozuna_repo/docs/benchmarks/20260707_hz10_bump_init_l0_r10/main_interleaved_r50_run10_hz8.log
main_interleaved_r50,tcmalloc,10,22659376.352,64749568,64749568,14204,29.786,4.821,/mnt/workdisk/public_share/hakozuna_repo/docs/benchmarks/20260707_hz10_bump_init_l0_r10/main_interleaved_r50_run10_tcmalloc.log
main_interleaved_r50,hz10,10,19807444.896,91095040,91095040,21999,36.301,3.323,/mnt/workdisk/public_share/hakozuna_repo/docs/benchmarks/20260707_hz10_bump_init_l0_r10/main_interleaved_r50_run10_hz10.log
main_interleaved_r90,hz10_bump,10,13194140.212,67895296,67895296,16319,54.480,5.421,/mnt/workdisk/public_share/hakozuna_repo/docs/benchmarks/20260707_hz10_bump_init_l0_r10/main_interleaved_r90_run10_hz10_bump.log
main_interleaved_r90,hz8,10,7021638.645,4833280,63700992,15478,92.340,9.979,/mnt/workdisk/public_share/hakozuna_repo/docs/benchmarks/20260707_hz10_bump_init_l0_r10/main_interleaved_r90_run10_hz8.log
main_interleaved_r90,tcmalloc,10,14394789.518,72876032,73007104,16267,49.663,5.205,/mnt/workdisk/public_share/hakozuna_repo/docs/benchmarks/20260707_hz10_bump_init_l0_r10/main_interleaved_r90_run10_tcmalloc.log
main_interleaved_r90,hz10,10,12791896.692,92536832,92536832,22447,56.686,5.032,/mnt/workdisk/public_share/hakozuna_repo/docs/benchmarks/20260707_hz10_bump_init_l0_r10/main_interleaved_r90_run10_hz10.log
small_interleaved_remote90,hz10_bump,10,15118846.703,40894464,40894464,9800,50.074,2.126,/mnt/workdisk/public_share/hakozuna_repo/docs/benchmarks/20260707_hz10_bump_init_l0_r10/small_interleaved_remote90_run10_hz10_bump.log
small_interleaved_remote90,hz8,10,14766436.687,3043328,27656192,6640,50.044,2.549,/mnt/workdisk/public_share/hakozuna_repo/docs/benchmarks/20260707_hz10_bump_init_l0_r10/small_interleaved_remote90_run10_hz8.log
small_interleaved_remote90,tcmalloc,10,26008891.400,29753344,29753344,5760,28.758,1.546,/mnt/workdisk/public_share/hakozuna_repo/docs/benchmarks/20260707_hz10_bump_init_l0_r10/small_interleaved_remote90_run10_tcmalloc.log
small_interleaved_remote90,hz10,10,15024702.959,45219840,45219840,10743,50.793,1.662,/mnt/workdisk/public_share/hakozuna_repo/docs/benchmarks/20260707_hz10_bump_init_l0_r10/small_interleaved_remote90_run10_hz10.log
medium_interleaved_r50,hz10_bump,10,21227264.936,55836672,55836672,13397,33.560,3.482,/mnt/workdisk/public_share/hakozuna_repo/docs/benchmarks/20260707_hz10_bump_init_l0_r10/medium_interleaved_r50_run10_hz10_bump.log
medium_interleaved_r50,hz8,10,9900360.544,4005888,52559872,12795,61.521,8.416,/mnt/workdisk/public_share/hakozuna_repo/docs/benchmarks/20260707_hz10_bump_init_l0_r10/medium_interleaved_r50_run10_hz8.log
medium_interleaved_r50,tcmalloc,10,17579809.589,75497472,75497472,16902,39.550,5.336,/mnt/workdisk/public_share/hakozuna_repo/docs/benchmarks/20260707_hz10_bump_init_l0_r10/medium_interleaved_r50_run10_tcmalloc.log
medium_interleaved_r50,hz10,10,19248617.233,69206016,69206016,16576,35.165,5.690,/mnt/workdisk/public_share/hakozuna_repo/docs/benchmarks/20260707_hz10_bump_init_l0_r10/medium_interleaved_r50_run10_hz10.log
